subclass_id	subclass_label	subclass_id_label	class_id	class_label	class_id_label	division_id	division_label	division_id_label	neighborhood	nt_type_label	cell_set_accession.subclass	cell_set_accession.class	cell_set_accession.division		subclass markers
1	Car3 Glut	001 Car3 Glut	1	IT-ET Glut	01 IT-ET Glut	1	Pallium glutamatergic	1 Pallium glutamatergic	Pallium_Glut:5,IT-ET:5	Glut	CS202212150_6124	CS202212150_6348	CS202212150_6375		Car3,Gm45623
2	IT EP-CLA Glut	002 IT EP-CLA Glut	1	IT-ET Glut	01 IT-ET Glut	1	Pallium glutamatergic	1 Pallium glutamatergic	Pallium_Glut:17,IT-ET:17	Glut	CS202212150_6125	CS202212150_6348	CS202212150_6375		Npsr1,Cbln1,Lypd6b,Drd1
3	L5/6 IT TPE-ENT Glut	003 L5/6 IT TPE-ENT Glut	1	IT-ET Glut	01 IT-ET Glut	1	Pallium glutamatergic	1 Pallium glutamatergic	Pallium_Glut:9,IT-ET:9	Glut	CS202212150_6126	CS202212150_6348	CS202212150_6375		Susd5,Cbln1,Vegfd,Adamts18
4	L6 IT CTX Glut	004 L6 IT CTX Glut	1	IT-ET Glut	01 IT-ET Glut	1	Pallium glutamatergic	1 Pallium glutamatergic	Pallium_Glut:23,IT-ET:23	Glut	CS202212150_6127	CS202212150_6348	CS202212150_6375		Osr1,Cryab,Gucy1a1,Bmpr1b
5	L5 IT CTX Glut	005 L5 IT CTX Glut	1	IT-ET Glut	01 IT-ET Glut	1	Pallium glutamatergic	1 Pallium glutamatergic	Pallium_Glut:11,IT-ET:11	Glut	CS202212150_6128	CS202212150_6348	CS202212150_6375		Trbc2,Rorb,Tmem91,Il1rapl2
6	L4/5 IT CTX Glut	006 L4/5 IT CTX Glut	1	IT-ET Glut	01 IT-ET Glut	1	Pallium glutamatergic	1 Pallium glutamatergic	Pallium_Glut:38,IT-ET:38	Glut	CS202212150_6129	CS202212150_6348	CS202212150_6375		Rorb,Cux2,BC006965,Dkkl1
7	L2/3 IT CTX Glut	007 L2/3 IT CTX Glut	1	IT-ET Glut	01 IT-ET Glut	1	Pallium glutamatergic	1 Pallium glutamatergic	Pallium_Glut:17,IT-ET:17	Glut	CS202212150_6130	CS202212150_6348	CS202212150_6375		Stard8,Otof,A830009L08Rik,Ccbe1
8	L2/3 IT ENT Glut	008 L2/3 IT ENT Glut	1	IT-ET Glut	01 IT-ET Glut	1	Pallium glutamatergic	1 Pallium glutamatergic	Pallium_Glut:17,IT-ET:17	Glut	CS202212150_6131	CS202212150_6348	CS202212150_6375		Cd44,Qrfpr,Cbln4,Ndst4
9	L2/3 IT ENTl-PIR Glut	009 L2/3 IT ENTl-PIR Glut	1	IT-ET Glut	01 IT-ET Glut	1	Pallium glutamatergic	1 Pallium glutamatergic	Pallium_Glut:28,IT-ET:28	Glut	CS202212150_6132	CS202212150_6348	CS202212150_6375		Ndst4,Gpr88,Gm12371,Unc13c
10	IT AON-TT-DP Glut	010 IT AON-TT-DP Glut	1	IT-ET Glut	01 IT-ET Glut	1	Pallium glutamatergic	1 Pallium glutamatergic	Pallium_Glut:20,IT-ET:20	Glut	CS202212150_6133	CS202212150_6348	CS202212150_6375		Ndst4,Plekha2,Bmpr1b,Col6a1
11	L2 IT ENT-po Glut	011 L2 IT ENT-po Glut	1	IT-ET Glut	01 IT-ET Glut	1	Pallium glutamatergic	1 Pallium glutamatergic	Pallium_Glut:6,IT-ET:6	Glut	CS202212150_6134	CS202212150_6348	CS202212150_6375		Cldn1,Lama3,Lacc1,Cbln4
12	MEA Slc17a7 Glut	012 MEA Slc17a7 Glut	1	IT-ET Glut	01 IT-ET Glut	1	Pallium glutamatergic	1 Pallium glutamatergic	Pallium_Glut:23,IT-ET:23	Glut	CS202212150_6135	CS202212150_6348	CS202212150_6375		Zic5,Baiap3,Rmst,Pld5
13	COAp Grxcr2 Glut	013 COAp Grxcr2 Glut	1	IT-ET Glut	01 IT-ET Glut	1	Pallium glutamatergic	1 Pallium glutamatergic	Pallium_Glut:6,IT-ET:6	Glut	CS202212150_6136	CS202212150_6348	CS202212150_6375		Grxcr2,Trh,Plk5,Gm12031
14	LA-BLA-BMA-PA Glut	014 LA-BLA-BMA-PA Glut	1	IT-ET Glut	01 IT-ET Glut	1	Pallium glutamatergic	1 Pallium glutamatergic	Pallium_Glut:31,IT-ET:31	Glut	CS202212150_6137	CS202212150_6348	CS202212150_6375		Fign,9530026P05Rik,B130024G19Rik,Otof
15	COAp-TR-ENTmv Glut	015 COAp-TR-ENTmv Glut	1	IT-ET Glut	01 IT-ET Glut	1	Pallium glutamatergic	1 Pallium glutamatergic	Pallium_Glut:9,IT-ET:9	Glut	CS202212150_6138	CS202212150_6348	CS202212150_6375		Dcn,Adam33,Ntf3,Ano2
16	CA1-ProS Glut	016 CA1-ProS Glut	1	IT-ET Glut	01 IT-ET Glut	1	Pallium glutamatergic	1 Pallium glutamatergic	Pallium_Glut:35,IT-ET:35	Glut	CS202212150_6139	CS202212150_6348	CS202212150_6375		Fibcd1,Dcn,Gm2115,2310002F09Rik
17	CA3 Glut	017 CA3 Glut	1	IT-ET Glut	01 IT-ET Glut	1	Pallium glutamatergic	1 Pallium glutamatergic	Pallium_Glut:23,IT-ET:23	Glut	CS202212150_6140	CS202212150_6348	CS202212150_6375		Il16,Tspan18,Sema3e,Gm26644
18	L2 IT PPP-APr Glut	018 L2 IT PPP-APr Glut	1	IT-ET Glut	01 IT-ET Glut	1	Pallium glutamatergic	1 Pallium glutamatergic	Pallium_Glut:11,IT-ET:11	Glut	CS202212150_6141	CS202212150_6348	CS202212150_6375		Cxcl14,Ctxn3,Spata13
19	L2/3 IT PPP Glut	019 L2/3 IT PPP Glut	1	IT-ET Glut	01 IT-ET Glut	1	Pallium glutamatergic	1 Pallium glutamatergic	Pallium_Glut:13,IT-ET:13	Glut	CS202212150_6142	CS202212150_6348	CS202212150_6375		Ntn5,Mab21l1,Kcns3,Cux2
20	L2/3 IT RSP Glut	020 L2/3 IT RSP Glut	1	IT-ET Glut	01 IT-ET Glut	1	Pallium glutamatergic	1 Pallium glutamatergic	Pallium_Glut:5,IT-ET:5	Glut	CS202212150_6143	CS202212150_6348	CS202212150_6375		Cxcl14,Gm26673,Ddit4l,Dpp4
21	L4 RSP-ACA Glut	021 L4 RSP-ACA Glut	1	IT-ET Glut	01 IT-ET Glut	1	Pallium glutamatergic	1 Pallium glutamatergic	Pallium_Glut:2,IT-ET:2	Glut	CS202212150_5277	CS202212150_6348	CS202212150_6375		Il22,Cbln1
22	L5 ET CTX Glut	022 L5 ET CTX Glut	1	IT-ET Glut	01 IT-ET Glut	1	Pallium glutamatergic	1 Pallium glutamatergic	Pallium_Glut:34,IT-ET:34	Glut	CS202212150_6144	CS202212150_6348	CS202212150_6375		Lratd2,L3mbtl4,Atp8b1,Reln
23	SUB-ProS Glut	023 SUB-ProS Glut	1	IT-ET Glut	01 IT-ET Glut	1	Pallium glutamatergic	1 Pallium glutamatergic	Pallium_Glut:15,IT-ET:15	Glut	CS202212150_6145	CS202212150_6348	CS202212150_6375		Stac,Gm42707,Gpr101
24	L5 PPP Glut	024 L5 PPP Glut	1	IT-ET Glut	01 IT-ET Glut	1	Pallium glutamatergic	1 Pallium glutamatergic	Pallium_Glut:1,IT-ET:1	Glut	CS202212150_399	CS202212150_6348	CS202212150_6375		Ptgfr
25	L6b EPd Glut	025 L6b EPd Glut	2	NP-CT-L6b Glut	02 NP-CT-L6b Glut	1	Pallium glutamatergic	1 Pallium glutamatergic	Pallium_Glut:7,NP-CT-L6b:7	Glut	CS202212150_6146	CS202212150_6349	CS202212150_6375		Igf1,Nxph4,Cplx3,Lypd6
26	L6b/CT ENT Glut	026 L6b/CT ENT Glut	2	NP-CT-L6b Glut	02 NP-CT-L6b Glut	1	Pallium glutamatergic	1 Pallium glutamatergic	Pallium_Glut:14,NP-CT-L6b:14	Glut	CS202212150_6147	CS202212150_6349	CS202212150_6375		Cobll1,Cplx3,Ccn2,Sla
27	L6b CTX Glut	027 L6b CTX Glut	2	NP-CT-L6b Glut	02 NP-CT-L6b Glut	1	Pallium glutamatergic	1 Pallium glutamatergic	Pallium_Glut:12,NP-CT-L6b:12	Glut	CS202212150_6148	CS202212150_6349	CS202212150_6375		Nxph4,Clic5,Arhgap25,Cplx3
28	L6 CT CTX Glut	028 L6 CT CTX Glut	2	NP-CT-L6b Glut	02 NP-CT-L6b Glut	1	Pallium glutamatergic	1 Pallium glutamatergic	Pallium_Glut:22,NP-CT-L6b:22	Glut	CS202212150_6149	CS202212150_6349	CS202212150_6375		Syt6,Arhgap25,Foxp2,Prss35
29	CT SUB Glut	029 CT SUB Glut	2	NP-CT-L6b Glut	02 NP-CT-L6b Glut	1	Pallium glutamatergic	1 Pallium glutamatergic	Pallium_Glut:3,NP-CT-L6b:3	Glut	CS202212150_6150	CS202212150_6349	CS202212150_6375		Sntb1,Arhgap25
30	L5 NP CTX Glut	030 L5 NP CTX Glut	2	NP-CT-L6b Glut	02 NP-CT-L6b Glut	1	Pallium glutamatergic	1 Pallium glutamatergic	Pallium_Glut:16,NP-CT-L6b:16	Glut	CS202212150_6151	CS202212150_6349	CS202212150_6375		Nxph1,Lcp1,Ntn1,Ccn2
31	NP SUB Glut	031 NP SUB Glut	2	NP-CT-L6b Glut	02 NP-CT-L6b Glut	1	Pallium glutamatergic	1 Pallium glutamatergic	Pallium_Glut:6,NP-CT-L6b:6	Glut	CS202212150_6152	CS202212150_6349	CS202212150_6375		Sntb1,Klhl1
32	NP PPP Glut	032 NP PPP Glut	2	NP-CT-L6b Glut	02 NP-CT-L6b Glut	1	Pallium glutamatergic	1 Pallium glutamatergic	Pallium_Glut:3,NP-CT-L6b:3	Glut	CS202212150_5309	CS202212150_6349	CS202212150_6375		Tmem255b,Nts
33	CA2-FC-IG Glut	033 CA2-FC-IG Glut	1	IT-ET Glut	01 IT-ET Glut	1	Pallium glutamatergic	1 Pallium glutamatergic	Pallium_Glut:2,IT-ET:2	Glut	CS202212150_6153	CS202212150_6348	CS202212150_6375		Map3k15,Frmpd1,Il16
34	DG Glut	034 DG Glut	3	MOB-DG-IMN	03 MOB-DG-IMN	1	Pallium glutamatergic	1 Pallium glutamatergic	Pallium_Glut:9,NN-IMN-GC:9	Glut	CS202212150_6154	CS202212150_6350	CS202212150_6375		C1ql2,Prox1
35	NLOT Rho Glut	035 NLOT Rho Glut	1	IT-ET Glut	01 IT-ET Glut	1	Pallium glutamatergic	1 Pallium glutamatergic	Pallium_Glut:1,IT-ET:1	Glut	CS202212150_494	CS202212150_6348	CS202212150_6375		C1ql1,Lypd1
36	Vip Gaba	036 Vip Gaba	4	CGE GABA	04 CGE GABA	2	Subpallium GABAergic	2 Subpallium GABAergic	Subpallium-GABA:43,CGE-MGE:43	GABA	CS202212150_6155	CS202212150_6351	CS202212150_6376		Vip,Nr2e1,Pde5a,B130024G19Rik
37	Sncg Gaba	037 Sncg Gaba	4	CGE GABA	04 CGE GABA	2	Subpallium GABAergic	2 Subpallium GABAergic	Subpallium-GABA:28,CGE-MGE:28	GABA	CS202212150_6156	CS202212150_6351	CS202212150_6376		Sncg,Htr3a,Nr2f2,Zeb2
38	RHP-COA Ndnf Gaba	038 RHP-COA Ndnf Gaba	4	CGE GABA	04 CGE GABA	2	Subpallium GABAergic	2 Subpallium GABAergic	Subpallium-GABA:12,CGE-MGE:12	GABA	CS202212150_6157	CS202212150_6351	CS202212150_6376		Ndnf,Prok2,Htr3a,Gm29683
39	Lamp5 Gaba	039 Lamp5 Gaba	4	CGE GABA	04 CGE GABA	2	Subpallium GABAergic	2 Subpallium GABAergic	Subpallium-GABA:18,CGE-MGE:18	GABA	CS202212150_6158	CS202212150_6351	CS202212150_6376		Lamp5,Cplx3,Cryab,Rxfp1
40	Lamp5 Lhx6 Gaba	040 Lamp5 Lhx6 Gaba	5	MGE GABA	05 MGE GABA	2	Subpallium GABAergic	2 Subpallium GABAergic	Subpallium-GABA:8,CGE-MGE:8	GABA	CS202212150_5333	CS202212150_6352	CS202212150_6376		Lamp5,Lhx6,Cort
41	Pvalb chandelier Gaba	041 Pvalb chandelier Gaba	5	MGE GABA	05 MGE GABA	2	Subpallium GABAergic	2 Subpallium GABAergic	Subpallium-GABA:2,CGE-MGE:2	GABA	CS202212150_5334	CS202212150_6352	CS202212150_6376		Vipr2,Pde11a
42	Pvalb Gaba	042 Pvalb Gaba	5	MGE GABA	05 MGE GABA	2	Subpallium GABAergic	2 Subpallium GABAergic	Subpallium-GABA:23,CGE-MGE:23	GABA	CS202212150_6159	CS202212150_6352	CS202212150_6376		Pvalb,Nxph2,Myo1e,Fam114a1
43	Sst Gaba	043 Sst Gaba	5	MGE GABA	05 MGE GABA	2	Subpallium GABAergic	2 Subpallium GABAergic	Subpallium-GABA:73,CGE-MGE:73	GABA	CS202212150_6160	CS202212150_6352	CS202212150_6376		Sst,Slc30a3,Zeb2,A830082K12Rik
44	STR Prox1 Lhx6 Gaba	044 STR Prox1 Lhx6 Gaba	6	CNU GABA	06 CNU GABA	2	Subpallium GABAergic	2 Subpallium GABAergic	Subpallium-GABA:12,Other-Sub-Gaba:12	GABA	CS202212150_6161	CS202212150_6353	CS202212150_6376		Prox1,St18,Moxd1
45	STRv Lhx8 Gaba	045 STRv Lhx8 Gaba	6	CNU GABA	06 CNU GABA	2	Subpallium GABAergic	2 Subpallium GABAergic	Subpallium-GABA:5,Other-Sub-Gaba:5	GABA	CS202212150_6162	CS202212150_6353	CS202212150_6376		Lhx8,Zeb2,Adamts5
46	Sst Chodl Gaba	046 Sst Chodl Gaba	6	CNU GABA	06 CNU GABA	2	Subpallium GABAergic	2 Subpallium GABAergic	Subpallium-GABA:15,Other-Sub-Gaba:15	GABA	CS202212150_6163	CS202212150_6353	CS202212150_6376		Chodl,Moxd1,L3mbtl4,Arhgap28
47	NDB-SI-MA-STRv Lhx8 Gaba	047 NDB-SI-MA-STRv Lhx8 Gaba	6	CNU GABA	06 CNU GABA	2	Subpallium GABAergic	2 Subpallium GABAergic	Subpallium-GABA:56,Other-Sub-Gaba:56	GABA	CS202212150_6164	CS202212150_6353	CS202212150_6376		Lhx6,Lhx8,Gm44593,Adarb2
48	GPe Sox6 Cyp26b1 Gaba	048 GPe Sox6 Cyp26b1 Gaba	6	CNU GABA	06 CNU GABA	2	Subpallium GABAergic	2 Subpallium GABAergic	Subpallium-GABA:5,Other-Sub-Gaba:5	GABA	CS202212150_6165	CS202212150_6353	CS202212150_6376		Cyp26b1,Npas1
49	PAL-STR Gaba-Chol	049 PAL-STR Gaba-Chol	6	CNU GABA	06 CNU GABA	2	Subpallium GABAergic	2 Subpallium GABAergic	Subpallium-GABA:16,Other-Sub-Gaba:16	Chol	CS202212150_6166	CS202212150_6353	CS202212150_6376		Slc18a3,Slc10a4,Lhx8,Sfta3-ps
50	OT D3 Folh1 Gaba	050 OT D3 Folh1 Gaba	6	CNU GABA	06 CNU GABA	2	Subpallium GABAergic	2 Subpallium GABAergic	Subpallium-GABA:2,Other-Sub-Gaba:2	GABA	CS202212150_5370	CS202212150_6353	CS202212150_6376		Folh1
51	MSN D1 Gaba	051 MSN D1 Gaba	6	CNU GABA	06 CNU GABA	2	Subpallium GABAergic	2 Subpallium GABAergic	Subpallium-GABA:25,Other-Sub-Gaba:25	GABA	CS202212150_6167	CS202212150_6353	CS202212150_6376		Drd1,Isl1,Stk32a
52	MSN D2 Gaba	052 MSN D2 Gaba	6	CNU GABA	06 CNU GABA	2	Subpallium GABAergic	2 Subpallium GABAergic	Subpallium-GABA:25,Other-Sub-Gaba:25	GABA	CS202212150_6168	CS202212150_6353	CS202212150_6376		Adora2a,Six3
53	MSN D1 Sema5a Gaba	053 MSN D1 Sema5a Gaba	6	CNU GABA	06 CNU GABA	2	Subpallium GABAergic	2 Subpallium GABAergic	Subpallium-GABA:9,Other-Sub-Gaba:9	GABA	CS202212150_6169	CS202212150_6353	CS202212150_6376		Drd1,Sema5a,Gm40663,Gm13974
54	STR-PAL Chst9 Gaba	054 STR-PAL Chst9 Gaba	6	CNU GABA	06 CNU GABA	2	Subpallium GABAergic	2 Subpallium GABAergic	Subpallium-GABA:19,Other-Sub-Gaba:19	GABA	CS202212150_6170	CS202212150_6353	CS202212150_6376		Chst9,6530403H02Rik,Gm49906,Foxp2
55	IA Mgp Gaba	055 IA Mgp Gaba	6	CNU GABA	06 CNU GABA	2	Subpallium GABAergic	2 Subpallium GABAergic	Subpallium-GABA:10,Other-Sub-Gaba:10	GABA	CS202212150_5389	CS202212150_6353	CS202212150_6376		Mgp,G630016G05Rik,Col23a1,Rprml
56	NDB-SI-ant Prdm12 Gaba	056 NDB-SI-ant Prdm12 Gaba	6	CNU GABA	06 CNU GABA	2	Subpallium GABAergic	2 Subpallium GABAergic	HEAD:11,Subpallium-GABA:11,Other-Sub-Gaba:11,HEAD-Gaba1:11	GABA	CS202212150_6171	CS202212150_6353	CS202212150_6376		Prdm12,Rmst,G630016G05Rik,Zic3
57	LSX Sall3 Pax6 Gaba	057 LSX Sall3 Pax6 Gaba	7	LSX GABA	07 LSX GABA	2	Subpallium GABAergic	2 Subpallium GABAergic	Subpallium-GABA:10,Other-Sub-Gaba:10	GABA	CS202212150_6172	CS202212150_6354	CS202212150_6376		Sall3,Pax6,Prdm12,Tmem132c
58	LSX Otx2 Gaba	058 LSX Otx2 Gaba	7	LSX GABA	07 LSX GABA	2	Subpallium GABAergic	2 Subpallium GABAergic	Subpallium-GABA:22,Other-Sub-Gaba:22	GABA	CS202212150_6173	CS202212150_6354	CS202212150_6376		Otx2,Vwa5b1,Gck,Zic5
59	LSX Nkx2-1 Gaba	059 LSX Nkx2-1 Gaba	7	LSX GABA	07 LSX GABA	2	Subpallium GABAergic	2 Subpallium GABAergic	Subpallium-GABA:39,Other-Sub-Gaba:39	GABA	CS202212150_6174	CS202212150_6354	CS202212150_6376		Nkx2-1,C130074G19Rik,Lbhd2,Prdm16
60	LSX Prdm12 ve Gaba	060 LSX Prdm12 ve Gaba	7	LSX GABA	07 LSX GABA	2	Subpallium GABAergic	2 Subpallium GABAergic	Subpallium-GABA:41,Other-Sub-Gaba:41	GABA	CS202212150_6175	CS202212150_6354	CS202212150_6376		Prdm12,Lbhd2,Prdm16,Zic3
61	LSX Prdm12 do Gaba	061 LSX Prdm12 do Gaba	7	LSX GABA	07 LSX GABA	2	Subpallium GABAergic	2 Subpallium GABAergic	Subpallium-GABA:23,Other-Sub-Gaba:23	GABA	CS202212150_6176	CS202212150_6354	CS202212150_6376		Prdm12,Igfbpl1,Col23a1,Col6a3
62	LSX Sall3 Lmo1 Gaba	062 LSX Sall3 Lmo1 Gaba	7	LSX GABA	07 LSX GABA	2	Subpallium GABAergic	2 Subpallium GABAergic	Subpallium-GABA:12,Other-Sub-Gaba:12	GABA	CS202212150_6177	CS202212150_6354	CS202212150_6376		Sall3,Six3,Col6a3,Tmem163
63	MH Tac2 Glut	063 MH Tac2 Glut	8	MH-LH Glut	08 MH-LH Glut	3	PAL-sAMY-TH-HY-MB-HB neuronal	3 PAL-sAMY-TH-HY-MB-HB neuronal	TH-EPI:21	Glut	CS202212150_6178	CS202212150_6355	CS202212150_6377		Tac2,Gpr151,Gng8
64	LH Pou4f1 Sox1 Glut	064 LH Pou4f1 Sox1 Glut	8	MH-LH Glut	08 MH-LH Glut	3	PAL-sAMY-TH-HY-MB-HB neuronal	3 PAL-sAMY-TH-HY-MB-HB neuronal	TH-EPI:14	Glut	CS202212150_6179	CS202212150_6355	CS202212150_6377		Pou4f1,Sox1,Nr4a2,Ddc
65	AD Serpinb7 Glut	065 AD Serpinb7 Glut	9	TH Glut	09 TH Glut	3	PAL-sAMY-TH-HY-MB-HB neuronal	3 PAL-sAMY-TH-HY-MB-HB neuronal	TH-EPI:2	Glut	CS202212150_5431	CS202212150_6356	CS202212150_6377		C1ql2,Abhd12b
66	AV Col27a1 Glut	066 AV Col27a1 Glut	9	TH Glut	09 TH Glut	3	PAL-sAMY-TH-HY-MB-HB neuronal	3 PAL-sAMY-TH-HY-MB-HB neuronal	TH-EPI:2	Glut	CS202212150_5432	CS202212150_6356	CS202212150_6377		Col27a1,Endou
67	PVT-PT Ntrk1 Glut	067 PVT-PT Ntrk1 Glut	9	TH Glut	09 TH Glut	3	PAL-sAMY-TH-HY-MB-HB neuronal	3 PAL-sAMY-TH-HY-MB-HB neuronal	TH-EPI:17	Glut	CS202212150_6180	CS202212150_6356	CS202212150_6377		Bcl11b,Gm19303,Gbx2,Edaradd
68	CM-IAD-CL-PCN Glut	068 CM-IAD-CL-PCN Glut	9	TH Glut	09 TH Glut	3	PAL-sAMY-TH-HY-MB-HB neuronal	3 PAL-sAMY-TH-HY-MB-HB neuronal	TH-EPI:15	Glut	CS202212150_6181	CS202212150_6356	CS202212150_6377		Sema5b,Edaradd,Trpm6
69	TH Prkcd Grin2c Glut	069 TH Prkcd Grin2c Glut	9	TH Glut	09 TH Glut	3	PAL-sAMY-TH-HY-MB-HB neuronal	3 PAL-sAMY-TH-HY-MB-HB neuronal	TH-EPI:41	Glut	CS202212150_6182	CS202212150_6356	CS202212150_6377		Grin2c,Grid2ip,Gbx2,Wnt9a
70	RE-Xi Nox4 Glut	070 RE-Xi Nox4 Glut	9	TH Glut	09 TH Glut	3	PAL-sAMY-TH-HY-MB-HB neuronal	3 PAL-sAMY-TH-HY-MB-HB neuronal	TH-EPI:13	Glut	CS202212150_6183	CS202212150_6356	CS202212150_6377		Nox4,Edaradd,Prkch,D130058E05Rik
71	MG-POL-SGN Glut	071 MG-POL-SGN Glut	9	TH Glut	09 TH Glut	3	PAL-sAMY-TH-HY-MB-HB neuronal	3 PAL-sAMY-TH-HY-MB-HB neuronal	TH-EPI:7	Glut	CS202212150_6184	CS202212150_6356	CS202212150_6377		Nts,Gbx2,D130058E05Rik,Edaradd
72	PF Fzd5 Glut	072 PF Fzd5 Glut	9	TH Glut	09 TH Glut	3	PAL-sAMY-TH-HY-MB-HB neuronal	3 PAL-sAMY-TH-HY-MB-HB neuronal	TH-EPI:16	Glut	CS202212150_6185	CS202212150_6356	CS202212150_6377		Fzd5,Lhx9
73	MM-ant Foxb1 Glut	073 MM-ant Foxb1 Glut	10	HY MM Glut	10 HY MM Glut	3	PAL-sAMY-TH-HY-MB-HB neuronal	3 PAL-sAMY-TH-HY-MB-HB neuronal	HEAD:6,HEAD-Glut:6	Glut	CS202212150_5463	CS202212150_6357	CS202212150_6377		Foxb1,Drd3,Mypn,Vipr2
74	MM Foxb1 Glut	074 MM Foxb1 Glut	10	HY MM Glut	10 HY MM Glut	3	PAL-sAMY-TH-HY-MB-HB neuronal	3 PAL-sAMY-TH-HY-MB-HB neuronal	HEAD:7,HEAD-Glut:7	Glut	CS202212150_6186	CS202212150_6357	CS202212150_6377		Foxb1,Sall3
75	PVa-ARH Six3 Dopa-Gaba	075 PVa-ARH Six3 Dopa-Gaba	11	HY GABA	11 HY GABA	3	PAL-sAMY-TH-HY-MB-HB neuronal	3 PAL-sAMY-TH-HY-MB-HB neuronal	HEAD:4,HEAD-Gaba2:4	Dopa	CS202212150_6187	CS202212150_6358	CS202212150_6377		Slc6a3,Th,Dlx1
76	PMv-TMv Tbx3 Hist-Gaba	076 PMv-TMv Tbx3 Hist-Gaba	11	HY GABA	11 HY GABA	3	PAL-sAMY-TH-HY-MB-HB neuronal	3 PAL-sAMY-TH-HY-MB-HB neuronal	HEAD:6,HEAD-Gaba2:6	Hist	CS202212150_6188	CS202212150_6358	CS202212150_6377		Tbx3,Bsx,Barhl2
77	MOB Eomes Ms4a15 Glut	077 MOB Eomes Ms4a15 Glut	12	MOB-CR Glut	12 MOB-CR Glut	4	CBX-MOB-other neuronal	4 CBX-MOB-other neuronal	NN-IMN-GC:11	Glut	CS202212150_6189	CS202212150_6359	CS202212150_6378		Eomes,Cdhr1
78	BST-po Glut	078 BST-po Glut	13	CNU-HYa Glut	13 CNU-HYa Glut	3	PAL-sAMY-TH-HY-MB-HB neuronal	3 PAL-sAMY-TH-HY-MB-HB neuronal	HEAD:1,HEAD-Glut:1	Glut	CS202212150_1243	CS202212150_6360	CS202212150_6377		Iigp1,Gm34609
79	TRS Sln Glut	079 TRS Sln Glut	13	CNU-HYa Glut	13 CNU-HYa Glut	3	PAL-sAMY-TH-HY-MB-HB neuronal	3 PAL-sAMY-TH-HY-MB-HB neuronal	HEAD:5,HEAD-Glut:5	Glut	CS202212150_6190	CS202212150_6360	CS202212150_6377		Sln,Postn,Samd3
80	GPi Skor1 Gaba-Glut	080 GPi Skor1 Gaba-Glut	13	CNU-HYa Glut	13 CNU-HYa Glut	3	PAL-sAMY-TH-HY-MB-HB neuronal	3 PAL-sAMY-TH-HY-MB-HB neuronal	HEAD:3,HEAD-Glut:3	Glut-GABA	CS202212150_5475	CS202212150_6360	CS202212150_6377		Cngb3,Tbr1
81	RT ZI Gnb3 Gaba	081 RT ZI Gnb3 Gaba	11	HY GABA	11 HY GABA	3	PAL-sAMY-TH-HY-MB-HB neuronal	3 PAL-sAMY-TH-HY-MB-HB neuronal	HEAD:25,HEAD-Gaba2:25	GABA	CS202212150_6191	CS202212150_6358	CS202212150_6377		Gnb3,Cplx3,Plekhd1,Isl1
82	SCH Gaba	082 SCH Gaba	11	HY GABA	11 HY GABA	3	PAL-sAMY-TH-HY-MB-HB neuronal	3 PAL-sAMY-TH-HY-MB-HB neuronal	HEAD:14,HEAD-Gaba2:14	GABA	CS202212150_6192	CS202212150_6358	CS202212150_6377		Six6,Cdc14a,Tgfa,Kcnh8
83	MEA-BST Sox6 Gaba	083 MEA-BST Sox6 Gaba	14	CNU-HYa GABA	14 CNU-HYa GABA	3	PAL-sAMY-TH-HY-MB-HB neuronal	3 PAL-sAMY-TH-HY-MB-HB neuronal	HEAD:57,Subpallium-GABA:57,Other-Sub-Gaba:57,HEAD-Gaba1:57	GABA	CS202212150_6193	CS202212150_6361	CS202212150_6377		Sox6,Cxcl14,Dlx1,Arx
84	MEA-BST Lhx6 Sp9 Gaba	084 MEA-BST Lhx6 Sp9 Gaba	14	CNU-HYa GABA	14 CNU-HYa GABA	3	PAL-sAMY-TH-HY-MB-HB neuronal	3 PAL-sAMY-TH-HY-MB-HB neuronal	HEAD:25,Subpallium-GABA:25,Other-Sub-Gaba:25,HEAD-Gaba1:25	GABA	CS202212150_6194	CS202212150_6361	CS202212150_6377		Lhx6,Sp9,Nxph2,Zfp831
85	MEA-BST Lhx6 Nr2e1 Gaba	085 MEA-BST Lhx6 Nr2e1 Gaba	14	CNU-HYa GABA	14 CNU-HYa GABA	3	PAL-sAMY-TH-HY-MB-HB neuronal	3 PAL-sAMY-TH-HY-MB-HB neuronal	HEAD:12,Subpallium-GABA:12,Other-Sub-Gaba:12,HEAD-Gaba1:12	GABA	CS202212150_6195	CS202212150_6361	CS202212150_6377		Lhx6,Nr2e1,A2ml1,Npsr1
86	MEA-BST Lhx6 Nfib Gaba	086 MEA-BST Lhx6 Nfib Gaba	14	CNU-HYa GABA	14 CNU-HYa GABA	3	PAL-sAMY-TH-HY-MB-HB neuronal	3 PAL-sAMY-TH-HY-MB-HB neuronal	HEAD:34,Subpallium-GABA:34,Other-Sub-Gaba:34,HEAD-Gaba1:34	GABA	CS202212150_6196	CS202212150_6361	CS202212150_6377		Lhx6,Sox6,Nfib,Tmem215
87	DMH Prdm13 Gaba	087 DMH Prdm13 Gaba	11	HY GABA	11 HY GABA	3	PAL-sAMY-TH-HY-MB-HB neuronal	3 PAL-sAMY-TH-HY-MB-HB neuronal	HEAD:6,HEAD-Gaba2:6	GABA	CS202212150_6197	CS202212150_6358	CS202212150_6377		Prdm13,Sytl4,Nkx2-4,Ppp1r17
88	DMH Nkx2-4 Glut	088 DMH Nkx2-4 Glut	15	HY Glut	15 HY Glut	3	PAL-sAMY-TH-HY-MB-HB neuronal	3 PAL-sAMY-TH-HY-MB-HB neuronal	HEAD:6,HEAD-Glut:6	Glut	CS202212150_6198	CS202212150_6362	CS202212150_6377		Nkx2-4,Gm38505,Tafa4
89	MEA-BST Gal Avp Gaba	089 MEA-BST Gal Avp Gaba	14	CNU-HYa GABA	14 CNU-HYa GABA	3	PAL-sAMY-TH-HY-MB-HB neuronal	3 PAL-sAMY-TH-HY-MB-HB neuronal	HEAD:2,Subpallium-GABA:2,Other-Sub-Gaba:2,HEAD-Gaba1:2	GABA	CS202212150_5512	CS202212150_6361	CS202212150_6377		Avp,Cbln2
90	SI-MA-NDB Ebf1 Bnc2 Gaba	090 SI-MA-NDB Ebf1 Bnc2 Gaba	14	CNU-HYa GABA	14 CNU-HYa GABA	3	PAL-sAMY-TH-HY-MB-HB neuronal	3 PAL-sAMY-TH-HY-MB-HB neuronal	HEAD:10,Subpallium-GABA:10,Other-Sub-Gaba:10,HEAD-Gaba1:10	GABA	CS202212150_6199	CS202212150_6361	CS202212150_6377		Ebf1,Arx,Dlx6
91	CEA-AAA-BST Six3 Cyp26b1 Gaba	091 CEA-AAA-BST Six3 Cyp26b1 Gaba	14	CNU-HYa GABA	14 CNU-HYa GABA	3	PAL-sAMY-TH-HY-MB-HB neuronal	3 PAL-sAMY-TH-HY-MB-HB neuronal	HEAD:22,Subpallium-GABA:22,Other-Sub-Gaba:22,HEAD-Gaba1:22	GABA	CS202212150_6200	CS202212150_6361	CS202212150_6377		Cyp26b1,Ankrd63,Itpka,Sp9
92	AAA-BST Six3 Meis2 Gaba	092 AAA-BST Six3 Meis2 Gaba	14	CNU-HYa GABA	14 CNU-HYa GABA	3	PAL-sAMY-TH-HY-MB-HB neuronal	3 PAL-sAMY-TH-HY-MB-HB neuronal	HEAD:29,Subpallium-GABA:29,Other-Sub-Gaba:29,HEAD-Gaba1:29	GABA	CS202212150_6201	CS202212150_6361	CS202212150_6377		Six3,Meis2,Sp9
93	ACB-BST-FS D1 Gaba	093 ACB-BST-FS D1 Gaba	14	CNU-HYa GABA	14 CNU-HYa GABA	3	PAL-sAMY-TH-HY-MB-HB neuronal	3 PAL-sAMY-TH-HY-MB-HB neuronal	HEAD:10,Subpallium-GABA:10,Other-Sub-Gaba:10,HEAD-Gaba1:10	GABA	CS202212150_6202	CS202212150_6361	CS202212150_6377		Meis2,Foxp2,Sox1
94	CEA-AAA-BST Ebf1 Gaba	094 CEA-AAA-BST Ebf1 Gaba	14	CNU-HYa GABA	14 CNU-HYa GABA	3	PAL-sAMY-TH-HY-MB-HB neuronal	3 PAL-sAMY-TH-HY-MB-HB neuronal	HEAD:24,Subpallium-GABA:24,Other-Sub-Gaba:24,HEAD-Gaba1:24	GABA	CS202212150_6203	CS202212150_6361	CS202212150_6377		Ankrd63,Dlx6,Lamp5,Isl1
95	CEA-BST Crh Gaba	095 CEA-BST Crh Gaba	14	CNU-HYa GABA	14 CNU-HYa GABA	3	PAL-sAMY-TH-HY-MB-HB neuronal	3 PAL-sAMY-TH-HY-MB-HB neuronal	HEAD:4,Subpallium-GABA:4,Other-Sub-Gaba:4,HEAD-Gaba1:4	GABA	CS202212150_6204	CS202212150_6361	CS202212150_6377		Crh,Rai14,Pdyn,Isl1
96	SI-MA-NDB Six3 Meis2 Gaba	096 SI-MA-NDB Six3 Meis2 Gaba	14	CNU-HYa GABA	14 CNU-HYa GABA	3	PAL-sAMY-TH-HY-MB-HB neuronal	3 PAL-sAMY-TH-HY-MB-HB neuronal	HEAD:8,Subpallium-GABA:8,Other-Sub-Gaba:8,HEAD-Gaba1:8	GABA	CS202212150_6205	CS202212150_6361	CS202212150_6377		Slc22a3,Six3,Meis2,Gm45194
97	PVHd Gsc Gaba	097 PVHd Gsc Gaba	14	CNU-HYa GABA	14 CNU-HYa GABA	3	PAL-sAMY-TH-HY-MB-HB neuronal	3 PAL-sAMY-TH-HY-MB-HB neuronal	HEAD:1,Subpallium-GABA:1,Other-Sub-Gaba:1,HEAD-Gaba1:1	GABA	CS202212150_1537	CS202212150_6361	CS202212150_6377		Gsc,Klhl14
98	MEA-COA-BMA Ccdc42 Glut	098 MEA-COA-BMA Ccdc42 Glut	13	CNU-HYa Glut	13 CNU-HYa Glut	3	PAL-sAMY-TH-HY-MB-HB neuronal	3 PAL-sAMY-TH-HY-MB-HB neuronal	HEAD:18,HEAD-Glut:18	Glut	CS202212150_6206	CS202212150_6360	CS202212150_6377		Ccdc42,Egr3,Ptk2b,Kcng1
99	COAa-PAA-MEA Barhl2 Glut	099 COAa-PAA-MEA Barhl2 Glut	13	CNU-HYa Glut	13 CNU-HYa Glut	3	PAL-sAMY-TH-HY-MB-HB neuronal	3 PAL-sAMY-TH-HY-MB-HB neuronal	HEAD:39,HEAD-Glut:39	Glut	CS202212150_6207	CS202212150_6360	CS202212150_6377		Barhl2,Foxg1,Tbr1,Ptk2b
100	MS-SF Bsx Glut	100 MS-SF Bsx Glut	13	CNU-HYa Glut	13 CNU-HYa Glut	3	PAL-sAMY-TH-HY-MB-HB neuronal	3 PAL-sAMY-TH-HY-MB-HB neuronal	HEAD:19,HEAD-Glut:19	Glut	CS202212150_5545	CS202212150_6360	CS202212150_6377		Bsx,Six3,Isl1,Onecut1
101	PVpo-VMPO-SFO Tbr1 Glut	101 PVpo-VMPO-SFO Tbr1 Glut	13	CNU-HYa Glut	13 CNU-HYa Glut	3	PAL-sAMY-TH-HY-MB-HB neuronal	3 PAL-sAMY-TH-HY-MB-HB neuronal	HEAD:27,HEAD-Glut:27	Glut	CS202212150_6208	CS202212150_6360	CS202212150_6377		Tbr1,Gck,Cngb1,Gabre
102	SI-MPO-LPO Lhx8 Gaba	102 SI-MPO-LPO Lhx8 Gaba	14	CNU-HYa GABA	14 CNU-HYa GABA	3	PAL-sAMY-TH-HY-MB-HB neuronal	3 PAL-sAMY-TH-HY-MB-HB neuronal	HEAD:40,Subpallium-GABA:40,Other-Sub-Gaba:40,HEAD-Gaba1:40	GABA	CS202212150_6209	CS202212150_6361	CS202212150_6377		Lhx8,Lhx6,Sfta3-ps,Nkx2-1
103	MPO-LPO Lhx8 Gaba	103 MPO-LPO Lhx8 Gaba	14	CNU-HYa GABA	14 CNU-HYa GABA	3	PAL-sAMY-TH-HY-MB-HB neuronal	3 PAL-sAMY-TH-HY-MB-HB neuronal	HEAD:26,Subpallium-GABA:26,Other-Sub-Gaba:26,HEAD-Gaba1:26	GABA	CS202212150_6210	CS202212150_6361	CS202212150_6377		Lhx8,Dlx1,Pnoc,Lhfp
104	BST-MPN Lhx6 Zfhx3 Gaba	104 BST-MPN Lhx6 Zfhx3 Gaba	14	CNU-HYa GABA	14 CNU-HYa GABA	3	PAL-sAMY-TH-HY-MB-HB neuronal	3 PAL-sAMY-TH-HY-MB-HB neuronal	HEAD:10,Subpallium-GABA:10,Other-Sub-Gaba:10,HEAD-Gaba1:10	GABA	CS202212150_6211	CS202212150_6361	CS202212150_6377		Lhx6,Pde11a,Crhbp,Id2
105	BST Tac2 Gaba	105 BST Tac2 Gaba	14	CNU-HYa GABA	14 CNU-HYa GABA	3	PAL-sAMY-TH-HY-MB-HB neuronal	3 PAL-sAMY-TH-HY-MB-HB neuronal	HEAD:10,Subpallium-GABA:10,Other-Sub-Gaba:10,HEAD-Gaba1:10	GABA	CS202212150_6212	CS202212150_6361	CS202212150_6377		Tac2,Sox1ot,Npy2r,Isl1
106	PVR Six3 Gaba	106 PVR Six3 Gaba	14	CNU-HYa GABA	14 CNU-HYa GABA	3	PAL-sAMY-TH-HY-MB-HB neuronal	3 PAL-sAMY-TH-HY-MB-HB neuronal	HEAD:57,Subpallium-GABA:57,Other-Sub-Gaba:57,HEAD-Gaba1:57	GABA	CS202212150_6213	CS202212150_6361	CS202212150_6377		Six3,Zic1,Zic4,Dlx1
107	PVH Six3 Prox1 Gaba	107 PVH Six3 Prox1 Gaba	11	HY GABA	11 HY GABA	3	PAL-sAMY-TH-HY-MB-HB neuronal	3 PAL-sAMY-TH-HY-MB-HB neuronal	HEAD:21,HEAD-Gaba2:21	GABA	CS202212150_6214	CS202212150_6358	CS202212150_6377		Six3,Prox1,Dlx1,St18
108	AHN-SBPV Gaba	108 AHN-SBPV Gaba	11	HY GABA	11 HY GABA	3	PAL-sAMY-TH-HY-MB-HB neuronal	3 PAL-sAMY-TH-HY-MB-HB neuronal	HEAD:36,HEAD-Gaba2:36	GABA	CS202212150_6215	CS202212150_6358	CS202212150_6377		Prdm12,Dlx1,Dlx2,Dlx6
109	SBPV-PVi Six3 Gaba	109 SBPV-PVi Six3 Gaba	11	HY GABA	11 HY GABA	3	PAL-sAMY-TH-HY-MB-HB neuronal	3 PAL-sAMY-TH-HY-MB-HB neuronal	HEAD:16,HEAD-Gaba2:16	GABA	CS202212150_6216	CS202212150_6358	CS202212150_6377		Six6,Arx,Lhx1
110	AHN Onecut3 Gaba	110 AHN Onecut3 Gaba	11	HY GABA	11 HY GABA	3	PAL-sAMY-TH-HY-MB-HB neuronal	3 PAL-sAMY-TH-HY-MB-HB neuronal	HEAD:16,HEAD-Gaba2:16	GABA	CS202212150_6217	CS202212150_6358	CS202212150_6377		Onecut3,Dlx6,Arx
111	ZI Pax6 Gaba	111 ZI Pax6 Gaba	11	HY GABA	11 HY GABA	3	PAL-sAMY-TH-HY-MB-HB neuronal	3 PAL-sAMY-TH-HY-MB-HB neuronal	HEAD:81,HEAD-Gaba2:81	GABA	CS202212150_6218	CS202212150_6358	CS202212150_6377		Pax6,Dlx1,Dlx6
112	DMH-LHA Gsx1 Gaba	112 DMH-LHA Gsx1 Gaba	11	HY GABA	11 HY GABA	3	PAL-sAMY-TH-HY-MB-HB neuronal	3 PAL-sAMY-TH-HY-MB-HB neuronal	HEAD:27,HEAD-Gaba2:27	GABA	CS202212150_6219	CS202212150_6358	CS202212150_6377		Gsx1,Isl1,Prox1,Dlx1
113	PVHd-DMH Lhx6 Gaba	113 PVHd-DMH Lhx6 Gaba	11	HY GABA	11 HY GABA	3	PAL-sAMY-TH-HY-MB-HB neuronal	3 PAL-sAMY-TH-HY-MB-HB neuronal	HEAD:23,HEAD-Gaba2:23	GABA	CS202212150_6220	CS202212150_6358	CS202212150_6377		Lhx6,Sp9,Drd2,Zfp536
114	TU-ARH Otp Six6 Gaba	114 TU-ARH Otp Six6 Gaba	11	HY GABA	11 HY GABA	3	PAL-sAMY-TH-HY-MB-HB neuronal	3 PAL-sAMY-TH-HY-MB-HB neuronal	HEAD:24,HEAD-Gaba2:24	GABA	CS202212150_6221	CS202212150_6358	CS202212150_6377		Otp,Six6,Frmpd4,Slit3
115	TMd Foxd2 Gaba	115 TMd Foxd2 Gaba	11	HY GABA	11 HY GABA	3	PAL-sAMY-TH-HY-MB-HB neuronal	3 PAL-sAMY-TH-HY-MB-HB neuronal	HEAD:10,HEAD-Gaba2:10	GABA	CS202212150_5616	CS202212150_6358	CS202212150_6377		Foxd2,Gm47757
116	PVpo-VMPO-MPN Hmx2 Gaba	116 PVpo-VMPO-MPN Hmx2 Gaba	11	HY GABA	11 HY GABA	3	PAL-sAMY-TH-HY-MB-HB neuronal	3 PAL-sAMY-TH-HY-MB-HB neuronal	HEAD:53,HEAD-Gaba2:53	GABA	CS202212150_6222	CS202212150_6358	CS202212150_6377		Hmx2,Nts,Foxg1,Dlx1
117	DMH Hmx2 Gaba	117 DMH Hmx2 Gaba	11	HY GABA	11 HY GABA	3	PAL-sAMY-TH-HY-MB-HB neuronal	3 PAL-sAMY-TH-HY-MB-HB neuronal	HEAD:44,HEAD-Gaba2:44	GABA	CS202212150_6223	CS202212150_6358	CS202212150_6377		Hmx2,Dlx1,Stac, Tmem176a
118	MPO-MPN Glut	118 MPO-MPN Glut	15	HY Glut	15 HY Glut	3	PAL-sAMY-TH-HY-MB-HB neuronal	3 PAL-sAMY-TH-HY-MB-HB neuronal	HEAD:32,HEAD-Glut:32	Glut	CS202212150_6224	CS202212150_6362	CS202212150_6377		Hmx2,Foxg1,Sox2
119	DMH Hmx2 Glut	119 DMH Hmx2 Glut	15	HY Glut	15 HY Glut	3	PAL-sAMY-TH-HY-MB-HB neuronal	3 PAL-sAMY-TH-HY-MB-HB neuronal	HEAD:11,HEAD-Glut:11	Glut	CS202212150_6225	CS202212150_6362	CS202212150_6377		Hmx2,Isl1,Fzd5,Ppp1r17
120	ARH-PVp Tbx3 Gaba	120 ARH-PVp Tbx3 Gaba	11	HY GABA	11 HY GABA	3	PAL-sAMY-TH-HY-MB-HB neuronal	3 PAL-sAMY-TH-HY-MB-HB neuronal	HEAD:11,HEAD-Gaba2:11	GABA	CS202212150_6226	CS202212150_6358	CS202212150_6377		Tbx3,Sfta3-ps,Nkx2-1,Fzd5
121	ARH-PVp Tbx3 Glut	121 ARH-PVp Tbx3 Glut	15	HY Glut	15 HY Glut	3	PAL-sAMY-TH-HY-MB-HB neuronal	3 PAL-sAMY-TH-HY-MB-HB neuronal	HEAD:10,HEAD-Glut:10	Glut	CS202212150_6227	CS202212150_6362	CS202212150_6377		Tbx3,Sfta3-ps,Nkx2-1,Esyt3
122	DMH-LHA Vgll2 Glut	122 DMH-LHA Vgll2 Glut	15	HY Glut	15 HY Glut	3	PAL-sAMY-TH-HY-MB-HB neuronal	3 PAL-sAMY-TH-HY-MB-HB neuronal	HEAD:6,HEAD-Glut:6	Glut	CS202212150_6228	CS202212150_6362	CS202212150_6377		Vgll2,Rfx4,Fezf2
123	VMH Fezf1 Glut	123 VMH Fezf1 Glut	15	HY Glut	15 HY Glut	3	PAL-sAMY-TH-HY-MB-HB neuronal	3 PAL-sAMY-TH-HY-MB-HB neuronal	HEAD:11,HEAD-Glut:11	Glut	CS202212150_6229	CS202212150_6362	CS202212150_6377		Fezf1,Nkx2-1,Sfta3-ps,Qrfpr
124	VMH Nr5a1 Glut	124 VMH Nr5a1 Glut	15	HY Glut	15 HY Glut	3	PAL-sAMY-TH-HY-MB-HB neuronal	3 PAL-sAMY-TH-HY-MB-HB neuronal	HEAD:19,HEAD-Glut:19	Glut	CS202212150_6230	CS202212150_6362	CS202212150_6377		Nr5a1,Fezf1,Nkx2-1,Sfta3-ps
125	LHA Pmch Glut	125 LHA Pmch Glut	15	HY Glut	15 HY Glut	3	PAL-sAMY-TH-HY-MB-HB neuronal	3 PAL-sAMY-TH-HY-MB-HB neuronal	HEAD:5,HEAD-Glut:5	Glut	CS202212150_6231	CS202212150_6362	CS202212150_6377		Pmch,Lef1,Zic1
126	LGv Otx2 Gaba	126 LGv Otx2 Gaba	11	HY GABA	11 HY GABA	3	PAL-sAMY-TH-HY-MB-HB neuronal	3 PAL-sAMY-TH-HY-MB-HB neuronal	HEAD:8,HEAD-Gaba2:8	GABA	CS202212150_6232	CS202212150_6358	CS202212150_6377		Otx2,Sp9,Zic3,Dlx6
127	PVH-LHA Barhl2 Glut	127 PVH-LHA Barhl2 Glut	13	CNU-HYa Glut	13 CNU-HYa Glut	3	PAL-sAMY-TH-HY-MB-HB neuronal	3 PAL-sAMY-TH-HY-MB-HB neuronal	HEAD:14,HEAD-Glut:14	Glut	CS202212150_6233	CS202212150_6360	CS202212150_6377		Barhl2,Tbr1,Samd3,Lhx1
128	ADP-MPO Trp73 Glut	128 ADP-MPO Trp73 Glut	13	CNU-HYa Glut	13 CNU-HYa Glut	3	PAL-sAMY-TH-HY-MB-HB neuronal	3 PAL-sAMY-TH-HY-MB-HB neuronal	HEAD:19,HEAD-Glut:19	Glut	CS202212150_6234	CS202212150_6360	CS202212150_6377		Trp73,Gm45321,Npas3,Reln
129	SI-MA-LPO Skor1 Glut	129 SI-MA-LPO Skor1 Glut	13	CNU-HYa Glut	13 CNU-HYa Glut	3	PAL-sAMY-TH-HY-MB-HB neuronal	3 PAL-sAMY-TH-HY-MB-HB neuronal	HEAD:70,HEAD-Glut:70	Glut	CS202212150_6235	CS202212150_6360	CS202212150_6377		Skor1,Tbr1,Emx2,Samd3
130	PRC-PAG Pax6 Glut	130 PRC-PAG Pax6 Glut	16	MB Glut	16 MB Glut	3	PAL-sAMY-TH-HY-MB-HB neuronal	3 PAL-sAMY-TH-HY-MB-HB neuronal	MB-HB:20,MB-HB-Glut:20	Glut	CS202212150_6236	CS202212150_6363	CS202212150_6377		Pax6,Slc17a6,Tcf7l2
131	MEA Otp Glut	131 MEA Otp Glut	13	CNU-HYa Glut	13 CNU-HYa Glut	3	PAL-sAMY-TH-HY-MB-HB neuronal	3 PAL-sAMY-TH-HY-MB-HB neuronal	HEAD:5,HEAD-Glut:5	Glut	CS202212150_5671	CS202212150_6360	CS202212150_6377		Otp,6530403H02Rik,Ptk2b
132	MEA-BST Otp Glut	132 MEA-BST Otp Glut	13	CNU-HYa Glut	13 CNU-HYa Glut	3	PAL-sAMY-TH-HY-MB-HB neuronal	3 PAL-sAMY-TH-HY-MB-HB neuronal	HEAD:10,HEAD-Glut:10	Glut	CS202212150_6237	CS202212150_6360	CS202212150_6377		Otp,Sim1,Foxg1,Zic2
133	LHA-MEA Otp Glut	133 LHA-MEA Otp Glut	13	CNU-HYa Glut	13 CNU-HYa Glut	3	PAL-sAMY-TH-HY-MB-HB neuronal	3 PAL-sAMY-TH-HY-MB-HB neuronal	HEAD:6,HEAD-Glut:6	Glut	CS202212150_6238	CS202212150_6360	CS202212150_6377		Otp,Sim1,Foxg1,3110039M20Rik
134	PVa-AHN-LHA Otp Glut	134 PVa-AHN-LHA Otp Glut	15	HY Glut	15 HY Glut	3	PAL-sAMY-TH-HY-MB-HB neuronal	3 PAL-sAMY-TH-HY-MB-HB neuronal	HEAD:14,HEAD-Glut:14	Glut	CS202212150_6239	CS202212150_6362	CS202212150_6377		Otp,Trh,3110039M20Rik
135	AHN-RCH-TU-SBPV Otp Glut	135 AHN-RCH-TU-SBPV Otp Glut	15	HY Glut	15 HY Glut	3	PAL-sAMY-TH-HY-MB-HB neuronal	3 PAL-sAMY-TH-HY-MB-HB neuronal	HEAD:27,HEAD-Glut:27	Glut	CS202212150_6240	CS202212150_6362	CS202212150_6377		Otp,Fezf1,Cbln1,Zic1
136	PVH-PVHd-SO Otp Glut	136 PVH-PVHd-SO Otp Glut	15	HY Glut	15 HY Glut	3	PAL-sAMY-TH-HY-MB-HB neuronal	3 PAL-sAMY-TH-HY-MB-HB neuronal	HEAD:21,HEAD-Glut:21	Glut	CS202212150_6241	CS202212150_6362	CS202212150_6377		Otp,Sim1,Stk32a,Pdyn
137	PH-ant Otp Glut	137 PH-ant Otp Glut	15	HY Glut	15 HY Glut	3	PAL-sAMY-TH-HY-MB-HB neuronal	3 PAL-sAMY-TH-HY-MB-HB neuronal	HEAD:42,HEAD-Glut:42	Glut	CS202212150_6242	CS202212150_6362	CS202212150_6377		Otp,Sim1,Bsx,Pou3f3
138	STN-PSTN Pitx2 Glut	138 STN-PSTN Pitx2 Glut	15	HY Glut	15 HY Glut	3	PAL-sAMY-TH-HY-MB-HB neuronal	3 PAL-sAMY-TH-HY-MB-HB neuronal	HEAD:31,HEAD-Glut:31	Glut	CS202212150_6243	CS202212150_6362	CS202212150_6377		Pitx2,Lmx1b,Cdh23,C1ql3
139	PM Pitx2 Glut	139 PM Pitx2 Glut	15	HY Glut	15 HY Glut	3	PAL-sAMY-TH-HY-MB-HB neuronal	3 PAL-sAMY-TH-HY-MB-HB neuronal	HEAD:14,HEAD-Glut:14	Glut	CS202212150_6244	CS202212150_6362	CS202212150_6377		Lmx1b,Irx6,Irx3,Irx5
140	PH Pitx2 Glut	140 PH Pitx2 Glut	15	HY Glut	15 HY Glut	3	PAL-sAMY-TH-HY-MB-HB neuronal	3 PAL-sAMY-TH-HY-MB-HB neuronal	HEAD:17,HEAD-Glut:17	Glut	CS202212150_6245	CS202212150_6362	CS202212150_6377		Lmx1b,Nr4a2,Lmx1a,Pitx2
141	PB Lmx1a Glut	141 PB Lmx1a Glut	17	P Glut	17 P Glut	3	PAL-sAMY-TH-HY-MB-HB neuronal	3 PAL-sAMY-TH-HY-MB-HB neuronal	MB-HB:51,MB-HB-Glut:51	Glut	CS202212150_6246	CS202212150_6364	CS202212150_6377		Lmx1b,Tfap2b,Nxph4,Lmx1a
142	PH-LHA Foxb1 Glut	142 PH-LHA Foxb1 Glut	15	HY Glut	15 HY Glut	3	PAL-sAMY-TH-HY-MB-HB neuronal	3 PAL-sAMY-TH-HY-MB-HB neuronal	HEAD:23,HEAD-Glut:23	Glut	CS202212150_6247	CS202212150_6362	CS202212150_6377		Foxb1,Pitx2,Sim1,Sfta3-ps
143	PM-LHA Foxb1 Glut	143 PM-LHA Foxb1 Glut	15	HY Glut	15 HY Glut	3	PAL-sAMY-TH-HY-MB-HB neuronal	3 PAL-sAMY-TH-HY-MB-HB neuronal	HEAD:14,HEAD-Glut:14	Glut	CS202212150_6248	CS202212150_6362	CS202212150_6377		Foxb1,Nkx2-4,Emx2
144	PAG Dmrta2 Glut	144 PAG Dmrta2 Glut	16	MB Glut	16 MB Glut	3	PAL-sAMY-TH-HY-MB-HB neuronal	3 PAL-sAMY-TH-HY-MB-HB neuronal	MB-HB:8,MB-HB-Glut:8	Glut	CS202212150_5723	CS202212150_6363	CS202212150_6377		Dmrta2,Emx2,Gm29683
145	MRN-PAG Nkx6-1 Glut	145 MRN-PAG Nkx6-1 Glut	16	MB Glut	16 MB Glut	3	PAL-sAMY-TH-HY-MB-HB neuronal	3 PAL-sAMY-TH-HY-MB-HB neuronal	MB-HB:5,MB-HB-Glut:5	Glut	CS202212150_5724	CS202212150_6363	CS202212150_6377		Nkx6-1,Sim1,Uncx,Meis2
146	MB-MY Glut-Sero	146 MB-MY Glut-Sero	18	MB-HB Sero	18 MB-HB Sero	3	PAL-sAMY-TH-HY-MB-HB neuronal	3 PAL-sAMY-TH-HY-MB-HB neuronal	MB-HB:32,MB-HB-Glut:32	Sero	CS202212150_6249	CS202212150_6249	CS202212150_6377		Fev,Slc17a8
147	PH-an Pitx2 Glut	147 PH-an Pitx2 Glut	15	HY Glut	15 HY Glut	3	PAL-sAMY-TH-HY-MB-HB neuronal	3 PAL-sAMY-TH-HY-MB-HB neuronal	HEAD:7,HEAD-Glut:7,MB-HB:7,MB-HB-Glut:7	Glut	CS202212150_6250	CS202212150_6362	CS202212150_6377		Nkx2-4,Pax7,Pitx2,Itga8
148	PH-SUM Foxa1 Glut	148 PH-SUM Foxa1 Glut	15	HY Glut	15 HY Glut	3	PAL-sAMY-TH-HY-MB-HB neuronal	3 PAL-sAMY-TH-HY-MB-HB neuronal	HEAD:27,HEAD-Glut:27,MB-HB:27,MB-HB-Glut:27	Glut	CS202212150_6251	CS202212150_6362	CS202212150_6377		Lmx1a,Pitx2,Ebf3,Itga8
149	IPN-IF-RL Foxa1 Glut	149 IPN-IF-RL Foxa1 Glut	16	MB Glut	16 MB Glut	3	PAL-sAMY-TH-HY-MB-HB neuronal	3 PAL-sAMY-TH-HY-MB-HB neuronal	MB-HB:14,MB-HB-Glut:14	Glut	CS202212150_6252	CS202212150_6363	CS202212150_6377		Foxa2,Dmrta2,Foxa1,Ttc6
150	PAG-SC Neurod2 Meis2 Glut	150 PAG-SC Neurod2 Meis2 Glut	16	MB Glut	16 MB Glut	3	PAL-sAMY-TH-HY-MB-HB neuronal	3 PAL-sAMY-TH-HY-MB-HB neuronal	MB-HB:20,MB-HB-Glut:20	Glut	CS202212150_6253	CS202212150_6363	CS202212150_6377		Neurod2,Ebf2,Lhx2,Shox2
151	PAG Pou4f3 Glut	151 PAG Pou4f3 Glut	16	MB Glut	16 MB Glut	3	PAL-sAMY-TH-HY-MB-HB neuronal	3 PAL-sAMY-TH-HY-MB-HB neuronal	MB-HB:14,MB-HB-Glut:14	Glut	CS202212150_6254	CS202212150_6363	CS202212150_6377		Pou4f3,Tfap2d,Glp1r,Prdm8
152	CUN Evx2 Lhx2 Glut	152 CUN Evx2 Lhx2 Glut	16	MB Glut	16 MB Glut	3	PAL-sAMY-TH-HY-MB-HB neuronal	3 PAL-sAMY-TH-HY-MB-HB neuronal	MB-HB:29,MB-HB-Glut:29	Glut	CS202212150_6255	CS202212150_6363	CS202212150_6377		Evx2,Lhx2,Bnc2,Pax5
153	PB Pax5 Glut	153 PB Pax5 Glut	17	P Glut	17 P Glut	3	PAL-sAMY-TH-HY-MB-HB neuronal	3 PAL-sAMY-TH-HY-MB-HB neuronal	MB-HB:11,MB-HB-Glut:11	Glut	CS202212150_6256	CS202212150_6364	CS202212150_6377		Pax5,Tfap2b,Lmx1b,En1
154	LDT-PCG Vsx2 Lhx4 Glut	154 LDT-PCG Vsx2 Lhx4 Glut	17	P Glut	17 P Glut	3	PAL-sAMY-TH-HY-MB-HB neuronal	3 PAL-sAMY-TH-HY-MB-HB neuronal	MB-HB:43,MB-HB-Glut:43	Glut	CS202212150_6257	CS202212150_6364	CS202212150_6377		Vsx2,Lhx4,Sox2
155	APN C1ql2 Glut	155 APN C1ql2 Glut	16	MB Glut	16 MB Glut	3	PAL-sAMY-TH-HY-MB-HB neuronal	3 PAL-sAMY-TH-HY-MB-HB neuronal	MB-HB:6,MB-HB-Glut:6	Glut	CS202212150_5762	CS202212150_6363	CS202212150_6377		C1ql2,Tfap2d,Esrrb
156	APN C1ql4 Glut	156 APN C1ql4 Glut	16	MB Glut	16 MB Glut	3	PAL-sAMY-TH-HY-MB-HB neuronal	3 PAL-sAMY-TH-HY-MB-HB neuronal	MB-HB:14,MB-HB-Glut:14	Glut	CS202212150_6258	CS202212150_6363	CS202212150_6377		C1ql4,Tcf7l2,Shox2,Irx2
157	PAG-MRN Pou3f1 Glut	157 PAG-MRN Pou3f1 Glut	16	MB Glut	16 MB Glut	3	PAL-sAMY-TH-HY-MB-HB neuronal	3 PAL-sAMY-TH-HY-MB-HB neuronal	MB-HB:21,MB-HB-Glut:21	Glut	CS202212150_6259	CS202212150_6363	CS202212150_6377		C1ql4,Shox2,Gm39185,Ebf3
158	PRC-PAG Tcf7l2 Glut	158 PRC-PAG Tcf7l2 Glut	16	MB Glut	16 MB Glut	3	PAL-sAMY-TH-HY-MB-HB neuronal	3 PAL-sAMY-TH-HY-MB-HB neuronal	MB-HB:29,MB-HB-Glut:29	Glut	CS202212150_6260	CS202212150_6363	CS202212150_6377		Tcf7l2,Tfap2d,Irx2,Dgkk
159	SPA-SPFm-SPFp-POL-PIL-PoT Glut	159 SPA-SPFm-SPFp-POL-PIL-PoT Glut	16	MB Glut	16 MB Glut	3	PAL-sAMY-TH-HY-MB-HB neuronal	3 PAL-sAMY-TH-HY-MB-HB neuronal	TH-EPI:84,MB-HB-Glut:84	Glut	CS202212150_6261	CS202212150_6363	CS202212150_6377		Gbx2,Tcf7l2,Shox2,Lhx9
160	PAG-SC Pou4f1 Glut	160 PAG-SC Pou4f1 Glut	16	MB Glut	16 MB Glut	3	PAL-sAMY-TH-HY-MB-HB neuronal	3 PAL-sAMY-TH-HY-MB-HB neuronal	MB-HB:25,MB-HB-Glut:25	Glut	CS202212150_6262	CS202212150_6363	CS202212150_6377		Pou4f1,Tcf7l2,Meis2,Zic1
161	PAG Tfap2b Glut	161 PAG Tfap2b Glut	16	MB Glut	16 MB Glut	3	PAL-sAMY-TH-HY-MB-HB neuronal	3 PAL-sAMY-TH-HY-MB-HB neuronal	MB-HB:36,MB-HB-Glut:36	Glut	CS202212150_6263	CS202212150_6363	CS202212150_6377		Tfap2b,Bnc2,Lhx9,Tfap2d
162	PAG Pou4f1 Glut	162 PAG Pou4f1 Glut	16	MB Glut	16 MB Glut	3	PAL-sAMY-TH-HY-MB-HB neuronal	3 PAL-sAMY-TH-HY-MB-HB neuronal	MB-HB:25,MB-HB-Glut:25	Glut	CS202212150_6264	CS202212150_6363	CS202212150_6377		Pou4f1,Ebf2,Shox2,Mab21l2
163	PAG Pou4f1 Ebf2 Glut	163 PAG Pou4f1 Ebf2 Glut	16	MB Glut	16 MB Glut	3	PAL-sAMY-TH-HY-MB-HB neuronal	3 PAL-sAMY-TH-HY-MB-HB neuronal	MB-HB:44,MB-HB-Glut:44	Glut	CS202212150_6265	CS202212150_6363	CS202212150_6377		Pou4f1,Ebf2,Barhl1
164	PAG Pou4f2 Glut	164 PAG Pou4f2 Glut	16	MB Glut	16 MB Glut	3	PAL-sAMY-TH-HY-MB-HB neuronal	3 PAL-sAMY-TH-HY-MB-HB neuronal	MB-HB:32,MB-HB-Glut:32	Glut	CS202212150_6266	CS202212150_6363	CS202212150_6377		Pou4f2,Barhl1,Lef1,Barhl2
165	PAG-SC Pou4f2 Mesi2 Glut	165 PAG-SC Pou4f2 Mesi2 Glut	16	MB Glut	16 MB Glut	3	PAL-sAMY-TH-HY-MB-HB neuronal	3 PAL-sAMY-TH-HY-MB-HB neuronal	MB-HB:34,MB-HB-Glut:34	Glut	CS202212150_6267	CS202212150_6363	CS202212150_6377		Pou4f2,Bnc2,Pou4f1,Lef1
166	SCig Foxb1 Glut	166 SCig Foxb1 Glut	16	MB Glut	16 MB Glut	3	PAL-sAMY-TH-HY-MB-HB neuronal	3 PAL-sAMY-TH-HY-MB-HB neuronal	MB-HB:46,MB-HB-Glut:46	Glut	CS202212150_6268	CS202212150_6363	CS202212150_6377		Foxb1,Tfap2b
167	SCdg Tfap2b Glut	167 SCdg Tfap2b Glut	16	MB Glut	16 MB Glut	3	PAL-sAMY-TH-HY-MB-HB neuronal	3 PAL-sAMY-TH-HY-MB-HB neuronal	MB-HB:7,MB-HB-Glut:7	Glut	CS202212150_5814	CS202212150_6363	CS202212150_6377		Tfap2b,Pou4f2,Barhl2
168	SCig-ve Pitx2 Glut	168 SCig-ve Pitx2 Glut	16	MB Glut	16 MB Glut	3	PAL-sAMY-TH-HY-MB-HB neuronal	3 PAL-sAMY-TH-HY-MB-HB neuronal	MB-HB:20,MB-HB-Glut:20	Glut	CS202212150_6269	CS202212150_6363	CS202212150_6377		Pitx2,Lhx9
169	IC Tfap2d Maf Glut	169 IC Tfap2d Maf Glut	16	MB Glut	16 MB Glut	3	PAL-sAMY-TH-HY-MB-HB neuronal	3 PAL-sAMY-TH-HY-MB-HB neuronal	MB-HB:45,MB-HB-Glut:45	Glut	CS202212150_6270	CS202212150_6363	CS202212150_6377		Tfap2d,Maf,En1
170	CUN-PPN Evx2 Meis2 Glut	170 CUN-PPN Evx2 Meis2 Glut	16	MB Glut	16 MB Glut	3	PAL-sAMY-TH-HY-MB-HB neuronal	3 PAL-sAMY-TH-HY-MB-HB neuronal	MB-HB:35,MB-HB-Glut:35	Glut	CS202212150_6271	CS202212150_6363	CS202212150_6377		Evx2,C1ql4,Pax5
171	PB-an-do Evx2 Glut	171 PB-an-do Evx2 Glut	17	P Glut	17 P Glut	3	PAL-sAMY-TH-HY-MB-HB neuronal	3 PAL-sAMY-TH-HY-MB-HB neuronal	MB-HB:66,MB-HB-Glut:66	Glut	CS202212150_6272	CS202212150_6364	CS202212150_6377		Evx2,Lhx9,Meis2
172	PCG-PRN-GRN Vsx2 Nkx6-1 Glut	172 PCG-PRN-GRN Vsx2 Nkx6-1 Glut	17	P Glut	17 P Glut	3	PAL-sAMY-TH-HY-MB-HB neuronal	3 PAL-sAMY-TH-HY-MB-HB neuronal	MB-HB:21,MB-HB-Glut:21	Glut	CS202212150_6273	CS202212150_6364	CS202212150_6377		Vsx2,Nkx6-1,Nr2f1
173	RPO-NI Vsx2 Nr4a2 Glut	173 RPO-NI Vsx2 Nr4a2 Glut	17	P Glut	17 P Glut	3	PAL-sAMY-TH-HY-MB-HB neuronal	3 PAL-sAMY-TH-HY-MB-HB neuronal	MB-HB:11,MB-HB-Glut:11	Glut	CS202212150_6274	CS202212150_6364	CS202212150_6377		Vsx2,Meis2,Calb1
174	IRN Vip Glut	174 IRN Vip Glut	19	MY Glut	19 MY Glut	3	PAL-sAMY-TH-HY-MB-HB neuronal	3 PAL-sAMY-TH-HY-MB-HB neuronal	MB-HB:6,MB-HB-Glut:6	Glut	CS202212150_5840	CS202212150_6365	CS202212150_6377		Vip,Nxph4
175	RPO-CS-NI Meis2 Gaba	175 RPO-CS-NI Meis2 Gaba	21	P GABA	21 P GABA	3	PAL-sAMY-TH-HY-MB-HB neuronal	3 PAL-sAMY-TH-HY-MB-HB neuronal	MB-HB:22,MB-HB-Gaba:22	GABA	CS202212150_6275	CS202212150_6367	CS202212150_6377		Otp,Slc30a3,Meis2,Calb2
176	PRP-NI-PRNc-GRN Otp Glut	176 PRP-NI-PRNc-GRN Otp Glut	19	MY Glut	19 MY Glut	3	PAL-sAMY-TH-HY-MB-HB neuronal	3 PAL-sAMY-TH-HY-MB-HB neuronal	MB-HB:21,MB-HB-Glut:21	Glut	CS202212150_6276	CS202212150_6365	CS202212150_6377		Otp,Evx2,C1ql3
177	PRP-HB Otp Gly-Gaba	177 PRP-HB Otp Gly-Gaba	22	MY GABA	22 MY GABA	3	PAL-sAMY-TH-HY-MB-HB neuronal	3 PAL-sAMY-TH-HY-MB-HB neuronal	MB-HB:64,MB-HB-Gaba:64	GABA-Glyc	CS202212150_6277	CS202212150_6368	CS202212150_6377		Otp,Slc6a5,Lamp5,Meis2
178	NTS Phox2b Glut	178 NTS Phox2b Glut	19	MY Glut	19 MY Glut	3	PAL-sAMY-TH-HY-MB-HB neuronal	3 PAL-sAMY-TH-HY-MB-HB neuronal	MB-HB:83,MB-HB-Glut:83	Glut	CS202212150_6278	CS202212150_6365	CS202212150_6377		Phox2b,Shox2,Hoxd3,Lmx1b
179	PGRN-PARN-MDRN Hoxb5 Glut	179 PGRN-PARN-MDRN Hoxb5 Glut	19	MY Glut	19 MY Glut	3	PAL-sAMY-TH-HY-MB-HB neuronal	3 PAL-sAMY-TH-HY-MB-HB neuronal	MB-HB:41,MB-HB-Glut:41	Glut	CS202212150_6279	CS202212150_6365	CS202212150_6377		Hoxb5,Nrn1,Lamp5,Sncg
180	MB/HB Lhx1 Glut	180 MB/HB Lhx1 Glut	19	MY Glut	19 MY Glut	3	PAL-sAMY-TH-HY-MB-HB neuronal	3 PAL-sAMY-TH-HY-MB-HB neuronal	MB-HB:54,MB-HB-Glut:54	Glut	CS202212150_6280	CS202212150_6365	CS202212150_6377		Lhx1,Mab21l2,Nrn1,Meis2
181	MY Lhx1 Gly-Gaba	181 MY Lhx1 Gly-Gaba	22	MY GABA	22 MY GABA	3	PAL-sAMY-TH-HY-MB-HB neuronal	3 PAL-sAMY-TH-HY-MB-HB neuronal	MB-HB:47,MB-HB-Gaba:47	GABA-Glyc	CS202212150_6281	CS202212150_6368	CS202212150_6377		Lhx1,Slc6a5,Pax2,Lamp5
182	ECU-CU Slc6a2 Glut	182 ECU-CU Slc6a2 Glut	19	MY Glut	19 MY Glut	3	PAL-sAMY-TH-HY-MB-HB neuronal	3 PAL-sAMY-TH-HY-MB-HB neuronal	MB-HB:4,MB-HB-Glut:4	Glut	CS202212150_5882	CS202212150_6365	CS202212150_6377		Slc6a2,Barhl1,Crabp1
183	SPVI-SPVC Tlx3 Ebf3 Glut	183 SPVI-SPVC Tlx3 Ebf3 Glut	19	MY Glut	19 MY Glut	3	PAL-sAMY-TH-HY-MB-HB neuronal	3 PAL-sAMY-TH-HY-MB-HB neuronal	MB-HB:50,MB-HB-Glut:50	Glut	CS202212150_6282	CS202212150_6365	CS202212150_6377		Tlx3,Hoxb3,Hoxd3,Hotairm1
184	CU-ECU-SPVI Foxb1 Glut	184 CU-ECU-SPVI Foxb1 Glut	19	MY Glut	19 MY Glut	3	PAL-sAMY-TH-HY-MB-HB neuronal	3 PAL-sAMY-TH-HY-MB-HB neuronal	MB-HB:26,MB-HB-Glut:26	Glut	CS202212150_6283	CS202212150_6365	CS202212150_6377		Foxb1,Lhx2,Hoxb3,Hoxd3
185	PSV Glut	185 PSV Glut	19	MY Glut	19 MY Glut	3	PAL-sAMY-TH-HY-MB-HB neuronal	3 PAL-sAMY-TH-HY-MB-HB neuronal	MB-HB:6,MB-HB-Glut:6	Glut	CS202212150_6284	CS202212150_6365	CS202212150_6377		Pvalb,Ankfn1,Lhx2,Nrn1
186	PB-NTS Phox2b Ebf3 Lmx1b Glut	186 PB-NTS Phox2b Ebf3 Lmx1b Glut	17	P Glut	17 P Glut	3	PAL-sAMY-TH-HY-MB-HB neuronal	3 PAL-sAMY-TH-HY-MB-HB neuronal	MB-HB:17,MB-HB-Glut:17	Glut	CS202212150_6285	CS202212150_6364	CS202212150_6377		Phox2b,Ebf3,Eya2,Tacr1
187	MV-SPIV Phox2b Ebf3 Lbx1 Glut	187 MV-SPIV Phox2b Ebf3 Lbx1 Glut	19	MY Glut	19 MY Glut	3	PAL-sAMY-TH-HY-MB-HB neuronal	3 PAL-sAMY-TH-HY-MB-HB neuronal	MB-HB:11,MB-HB-Glut:11	Glut	CS202212150_6286	CS202212150_6365	CS202212150_6377		Phox2b,Lbx1,Neurod2,Zic4
188	MV-SPIV Glut	188 MV-SPIV Glut	19	MY Glut	19 MY Glut	3	PAL-sAMY-TH-HY-MB-HB neuronal	3 PAL-sAMY-TH-HY-MB-HB neuronal	MB-HB:29,MB-HB-Glut:29	Glut	CS202212150_6287	CS202212150_6365	CS202212150_6377		Neurod2,Pou4f1,Hoxb3,Hoxd3
189	CBN Glut	189 CBN Glut	19	MY Glut	19 MY Glut	3	PAL-sAMY-TH-HY-MB-HB neuronal	3 PAL-sAMY-TH-HY-MB-HB neuronal	MB-HB:6,MB-HB-Glut:6	Glut	CS202212150_5903	CS202212150_6365	CS202212150_6377		Neurod2,Serpina9,Cbln1
190	MV-SPIV-PRP Dmbx1 Gly-Gaba	190 MV-SPIV-PRP Dmbx1 Gly-Gaba	22	MY GABA	22 MY GABA	3	PAL-sAMY-TH-HY-MB-HB neuronal	3 PAL-sAMY-TH-HY-MB-HB neuronal	MB-HB:15,MB-HB-Gaba:15	GABA-Glyc	CS202212150_6288	CS202212150_6368	CS202212150_6377		Dmbx1,Skor1,Slc6a5,Tfap2b
191	MY Prox1 Gly-Gaba	191 MY Prox1 Gly-Gaba	22	MY GABA	22 MY GABA	3	PAL-sAMY-TH-HY-MB-HB neuronal	3 PAL-sAMY-TH-HY-MB-HB neuronal	MB-HB:26,MB-HB-Gaba:26	GABA-Glyc	CS202212150_6289	CS202212150_6368	CS202212150_6377		Prox1,Slc6a5,Pax2,Tfap2a
192	MV Nkx6-1 Gly-Gaba	192 MV Nkx6-1 Gly-Gaba	22	MY GABA	22 MY GABA	3	PAL-sAMY-TH-HY-MB-HB neuronal	3 PAL-sAMY-TH-HY-MB-HB neuronal	MB-HB:9,MB-HB-Gaba:9	GABA-Glyc	CS202212150_5908	CS202212150_6368	CS202212150_6377		Nkx6-1,Crhbp,Col24a1
193	PAS-MV Ebf2 Gly-Gaba	193 PAS-MV Ebf2 Gly-Gaba	22	MY GABA	22 MY GABA	3	PAL-sAMY-TH-HY-MB-HB neuronal	3 PAL-sAMY-TH-HY-MB-HB neuronal	MB-HB:18,MB-HB-Gaba:18	GABA-Glyc	CS202212150_6290	CS202212150_6368	CS202212150_6377		Neurod2,Ebf2,Slc6a5,Pax2
194	PRNr Otp Nfib Glut	194 PRNr Otp Nfib Glut	17	P Glut	17 P Glut	3	PAL-sAMY-TH-HY-MB-HB neuronal	3 PAL-sAMY-TH-HY-MB-HB neuronal	MB-HB:4,MB-HB-Glut:4	Glut	CS202212150_5912	CS202212150_6364	CS202212150_6377		Otp,Neurod2
195	GRN Prox1 Brs3 Gly-Gaba	195 GRN Prox1 Brs3 Gly-Gaba	22	MY GABA	22 MY GABA	3	PAL-sAMY-TH-HY-MB-HB neuronal	3 PAL-sAMY-TH-HY-MB-HB neuronal	MB-HB:1,MB-HB-Gaba:1	GABA-Glyc	CS202212150_4021	CS202212150_6368	CS202212150_6377		Brs3,Hmcn1
196	MV Pax6 Gly-Gaba	196 MV Pax6 Gly-Gaba	22	MY GABA	22 MY GABA	3	PAL-sAMY-TH-HY-MB-HB neuronal	3 PAL-sAMY-TH-HY-MB-HB neuronal	MB-HB:4,MB-HB-Gaba:4	GABA-Glyc	CS202212150_5913	CS202212150_6368	CS202212150_6377		Pax6,Pax2,Slc6a5,Neurod2
197	PAG-MRN Rln3 Gaba	197 PAG-MRN Rln3 Gaba	20	MB GABA	20 MB GABA	3	PAL-sAMY-TH-HY-MB-HB neuronal	3 PAL-sAMY-TH-HY-MB-HB neuronal	MB-HB:3,MB-HB-Gaba:3	GABA	CS202212150_5914	CS202212150_6366	CS202212150_6377		Rln3,Ngf
198	IPN-LDT Vsx2 Nkx6-1 Glut	198 IPN-LDT Vsx2 Nkx6-1 Glut	16	MB Glut	16 MB Glut	3	PAL-sAMY-TH-HY-MB-HB neuronal	3 PAL-sAMY-TH-HY-MB-HB neuronal	MB-HB:14,MB-HB-Glut:14	Glut	CS202212150_6291	CS202212150_6363	CS202212150_6377		Vsx2,Nkx6-1,Pou4f2,Pax8
199	LDT Vsx2 Nkx6-1 Nfib Glut	199 LDT Vsx2 Nkx6-1 Nfib Glut	17	P Glut	17 P Glut	3	PAL-sAMY-TH-HY-MB-HB neuronal	3 PAL-sAMY-TH-HY-MB-HB neuronal	MB-HB:8,MB-HB-Glut:8	Glut	CS202212150_5917	CS202212150_6364	CS202212150_6377		Vsx2,Nkx6-1,Rprml,Nfib
200	PCG-RPO-CS-PRNr Tox Gaba	200 PCG-RPO-CS-PRNr Tox Gaba	21	P GABA	21 P GABA	3	PAL-sAMY-TH-HY-MB-HB neuronal	3 PAL-sAMY-TH-HY-MB-HB neuronal	MB-HB:22,MB-HB-Gaba:22	GABA	CS202212150_5918	CS202212150_6367	CS202212150_6377		Tmem163,Otp,Slc30a3,Slc32a1
201	PPN-CUN-PCG Otp En1 Gaba	201 PPN-CUN-PCG Otp En1 Gaba	20	MB GABA	20 MB GABA	3	PAL-sAMY-TH-HY-MB-HB neuronal	3 PAL-sAMY-TH-HY-MB-HB neuronal	MB-HB:21,MB-HB-Gaba:21	GABA	CS202212150_6292	CS202212150_6366	CS202212150_6377		Otp,Pax7,En1,Ntn1
202	MRN-LDT-DTN Pax8 Gaba	202 MRN-LDT-DTN Pax8 Gaba	20	MB GABA	20 MB GABA	3	PAL-sAMY-TH-HY-MB-HB neuronal	3 PAL-sAMY-TH-HY-MB-HB neuronal	MB-HB:11,MB-HB-Gaba:11	GABA	CS202212150_6293	CS202212150_6366	CS202212150_6377		Otp,Pax8,En2,Ankfn1
203	MRN-VTN-DTN Pax5 Cdh23 Gaba	203 MRN-VTN-DTN Pax5 Cdh23 Gaba	20	MB GABA	20 MB GABA	3	PAL-sAMY-TH-HY-MB-HB neuronal	3 PAL-sAMY-TH-HY-MB-HB neuronal	MB-HB:16,MB-HB-Gaba:16	GABA	CS202212150_6294	CS202212150_6366	CS202212150_6377		Cdh23,Pax5,Gata3,Tal1
204	SNr-VTA-PPN Pax5 Npas1 Gaba	204 SNr-VTA-PPN Pax5 Npas1 Gaba	20	MB GABA	20 MB GABA	3	PAL-sAMY-TH-HY-MB-HB neuronal	3 PAL-sAMY-TH-HY-MB-HB neuronal	MB-HB:11,MB-HB-Gaba:11	GABA	CS202212150_5926	CS202212150_6366	CS202212150_6377		Pax5,Npas1,Irx1,Tpm2
205	PPN-CUN-PAG Pax5 Sox21 Gaba	205 PPN-CUN-PAG Pax5 Sox21 Gaba	20	MB GABA	20 MB GABA	3	PAL-sAMY-TH-HY-MB-HB neuronal	3 PAL-sAMY-TH-HY-MB-HB neuronal	MB-HB:18,MB-HB-Gaba:18	GABA	CS202212150_6295	CS202212150_6366	CS202212150_6377		Pax5,Tal1,Gata3,Sox21
206	SNr Six3 Gaba	206 SNr Six3 Gaba	20	MB GABA	20 MB GABA	3	PAL-sAMY-TH-HY-MB-HB neuronal	3 PAL-sAMY-TH-HY-MB-HB neuronal	MB-HB:3,MB-HB-Gaba:3	GABA	CS202212150_5931	CS202212150_6366	CS202212150_6377		Six3,Irx3,Otx1,Irx5
207	IC Six3 En2 Gaba	207 IC Six3 En2 Gaba	20	MB GABA	20 MB GABA	3	PAL-sAMY-TH-HY-MB-HB neuronal	3 PAL-sAMY-TH-HY-MB-HB neuronal	MB-HB:47,MB-HB-Gaba:47	GABA	CS202212150_6296	CS202212150_6366	CS202212150_6377		Six3,En2,Gata3,Tal1
208	RN-MRN-PAG Foxa2 Gaba	208 RN-MRN-PAG Foxa2 Gaba	20	MB GABA	20 MB GABA	3	PAL-sAMY-TH-HY-MB-HB neuronal	3 PAL-sAMY-TH-HY-MB-HB neuronal	MB-HB:23,MB-HB-Gaba:23	GABA	CS202212150_6297	CS202212150_6366	CS202212150_6377		Foxa2,Tal1,Gata3,Gata2
209	ND-PCG Gata3 Lhx1 Gaba	209 ND-PCG Gata3 Lhx1 Gaba	20	MB GABA	20 MB GABA	3	PAL-sAMY-TH-HY-MB-HB neuronal	3 PAL-sAMY-TH-HY-MB-HB neuronal	MB-HB:32,MB-HB-Gaba:32	GABA	CS202212150_6298	CS202212150_6366	CS202212150_6377		Gata3,Onecut1,Otx1,Onecut2
210	RN-MRN-CLI En1 Sox2 Gaba	210 RN-MRN-CLI En1 Sox2 Gaba	20	MB GABA	20 MB GABA	3	PAL-sAMY-TH-HY-MB-HB neuronal	3 PAL-sAMY-TH-HY-MB-HB neuronal	MB-HB:16,MB-HB-Gaba:16	GABA	CS202212150_6299	CS202212150_6366	CS202212150_6377		En1,Sox2,Gm47757,Sox14
211	PAG Nkx2-2 Nr2f2 Gaba	211 PAG Nkx2-2 Nr2f2 Gaba	20	MB GABA	20 MB GABA	3	PAL-sAMY-TH-HY-MB-HB neuronal	3 PAL-sAMY-TH-HY-MB-HB neuronal	MB-HB:7,MB-HB-Gaba:7	GABA	CS202212150_6300	CS202212150_6366	CS202212150_6377		Nkx2-2,Tfap2b,Tal1,Gata3
212	RN-PAG Nkx2-2 Otx1 Gaba	212 RN-PAG Nkx2-2 Otx1 Gaba	20	MB GABA	20 MB GABA	3	PAL-sAMY-TH-HY-MB-HB neuronal	3 PAL-sAMY-TH-HY-MB-HB neuronal	MB-HB:24,MB-HB-Gaba:24	GABA-Glyc	CS202212150_6301	CS202212150_6366	CS202212150_6377		Nkx2-2,Slc30a3,Meis2,Slc6a5
213	PRT Tcf7l2 Gaba	213 PRT Tcf7l2 Gaba	20	MB GABA	20 MB GABA	3	PAL-sAMY-TH-HY-MB-HB neuronal	3 PAL-sAMY-TH-HY-MB-HB neuronal	MB-HB:37,MB-HB-Gaba:37	GABA	CS202212150_6302	CS202212150_6366	CS202212150_6377		Tcf7l2,Gata3,Tal1
214	LGv-SPFp-SPFm Gata3 Gaba	214 LGv-SPFp-SPFm Gata3 Gaba	20	MB GABA	20 MB GABA	3	PAL-sAMY-TH-HY-MB-HB neuronal	3 PAL-sAMY-TH-HY-MB-HB neuronal	MB-HB:35,MB-HB-Gaba:35	GABA	CS202212150_6303	CS202212150_6366	CS202212150_6377		Nkx2-2,Tcf7l2,Zic1,Tal1
215	SC Otx2 Gcnt4 Gaba	215 SC Otx2 Gcnt4 Gaba	20	MB GABA	20 MB GABA	3	PAL-sAMY-TH-HY-MB-HB neuronal	3 PAL-sAMY-TH-HY-MB-HB neuronal	MB-HB:4,MB-HB-Gaba:4	GABA	CS202212150_6304	CS202212150_6366	CS202212150_6377		Otx2,Pax7,Maf,Gm40663
216	SC-PAG Lef1 Emx2 Gaba	216 SC-PAG Lef1 Emx2 Gaba	20	MB GABA	20 MB GABA	3	PAL-sAMY-TH-HY-MB-HB neuronal	3 PAL-sAMY-TH-HY-MB-HB neuronal	MB-HB:29,MB-HB-Gaba:29	GABA	CS202212150_6305	CS202212150_6366	CS202212150_6377		Lef1,Gata3,Pax7,Emx2
217	SCm-PAG Cdh23 Gaba	217 SCm-PAG Cdh23 Gaba	20	MB GABA	20 MB GABA	3	PAL-sAMY-TH-HY-MB-HB neuronal	3 PAL-sAMY-TH-HY-MB-HB neuronal	MB-HB:19,MB-HB-Gaba:19	GABA	CS202212150_6306	CS202212150_6366	CS202212150_6377		Cdh23,Tfap2b,Tal1,Gata3
218	SCs Dmbx1 Gaba	218 SCs Dmbx1 Gaba	20	MB GABA	20 MB GABA	3	PAL-sAMY-TH-HY-MB-HB neuronal	3 PAL-sAMY-TH-HY-MB-HB neuronal	MB-HB:19,MB-HB-Gaba:19	GABA	CS202212150_6307	CS202212150_6366	CS202212150_6377		Dmbx1,Sox2,Gata3
219	SC Lef1 Otx2 Gaba	219 SC Lef1 Otx2 Gaba	20	MB GABA	20 MB GABA	3	PAL-sAMY-TH-HY-MB-HB neuronal	3 PAL-sAMY-TH-HY-MB-HB neuronal	MB-HB:5,MB-HB-Gaba:5	GABA	CS202212150_6308	CS202212150_6366	CS202212150_6377		Lef1,Pax7,Gm47757,Otx2
220	CBN Dmbx1 Gaba	220 CBN Dmbx1 Gaba	22	MY GABA	22 MY GABA	3	PAL-sAMY-TH-HY-MB-HB neuronal	3 PAL-sAMY-TH-HY-MB-HB neuronal	MB-HB:2,MB-HB-Gaba:2	GABA	CS202212150_5982	CS202212150_6368	CS202212150_6377		Dmbx1,Ramp3
221	SCs Pax7 Nfia Gaba	221 SCs Pax7 Nfia Gaba	20	MB GABA	20 MB GABA	3	PAL-sAMY-TH-HY-MB-HB neuronal	3 PAL-sAMY-TH-HY-MB-HB neuronal	MB-HB:22,MB-HB-Gaba:22	GABA	CS202212150_6309	CS202212150_6366	CS202212150_6377		Pax7,Otx2,Tfap2b,Nfia
222	MPT-NOT-PPT Mecom Gaba	222 MPT-NOT-PPT Mecom Gaba	20	MB GABA	20 MB GABA	3	PAL-sAMY-TH-HY-MB-HB neuronal	3 PAL-sAMY-TH-HY-MB-HB neuronal	MB-HB:17,MB-HB-Gaba:17	GABA	CS202212150_6310	CS202212150_6366	CS202212150_6377		Mecom,Otx2,Tal1,Gata3
223	LDT Fgf7 Gaba	223 LDT Fgf7 Gaba	21	P GABA	21 P GABA	3	PAL-sAMY-TH-HY-MB-HB neuronal	3 PAL-sAMY-TH-HY-MB-HB neuronal	MB-HB:3,MB-HB-Gaba:3	GABA	CS202212150_5989	CS202212150_6367	CS202212150_6377		Fgf7,Pi15
224	LDT-PCG Gata3 Irx5 Gaba	224 LDT-PCG Gata3 Irx5 Gaba	21	P GABA	21 P GABA	3	PAL-sAMY-TH-HY-MB-HB neuronal	3 PAL-sAMY-TH-HY-MB-HB neuronal	MB-HB:38,MB-HB-Gaba:38	GABA	CS202212150_6311	CS202212150_6367	CS202212150_6377		Gata3,Irx5,Sox2,Irx3
225	CS-PDTg Pax6 Gaba	225 CS-PDTg Pax6 Gaba	21	P GABA	21 P GABA	3	PAL-sAMY-TH-HY-MB-HB neuronal	3 PAL-sAMY-TH-HY-MB-HB neuronal	MB-HB:9,MB-HB-Gaba:9	GABA	CS202212150_6312	CS202212150_6367	CS202212150_6377		Gata3,Pax6,Slit3,Tox
226	RPA Pax6 Hoxb5 Gly-Gaba	226 RPA Pax6 Hoxb5 Gly-Gaba	22	MY GABA	22 MY GABA	3	PAL-sAMY-TH-HY-MB-HB neuronal	3 PAL-sAMY-TH-HY-MB-HB neuronal	MB-HB:5,MB-HB-Gaba:5	GABA-Glyc	CS202212150_5995	CS202212150_6368	CS202212150_6377		Gata3,Pax6,Hoxc4
227	SCig Tfap2b Chrnb3 Glut	227 SCig Tfap2b Chrnb3 Glut	16	MB Glut	16 MB Glut	3	PAL-sAMY-TH-HY-MB-HB neuronal	3 PAL-sAMY-TH-HY-MB-HB neuronal	MB-HB:3,MB-HB-Glut:3	Glut	CS202212150_5996	CS202212150_6363	CS202212150_6377		Tfap2b,Neurod6,Etv1
228	SCop Pou4f2 Neurod2 Glut	228 SCop Pou4f2 Neurod2 Glut	16	MB Glut	16 MB Glut	3	PAL-sAMY-TH-HY-MB-HB neuronal	3 PAL-sAMY-TH-HY-MB-HB neuronal	MB-HB:3,MB-HB-Glut:3	Glut	CS202212150_5997	CS202212150_6363	CS202212150_6377		Pou4f2,Neurod2,Necab1,Adgrg2
229	SCsg Pde5a Glut	229 SCsg Pde5a Glut	16	MB Glut	16 MB Glut	3	PAL-sAMY-TH-HY-MB-HB neuronal	3 PAL-sAMY-TH-HY-MB-HB neuronal	MB-HB:10,MB-HB-Glut:10	Glut	CS202212150_6313	CS202212150_6363	CS202212150_6377		Pde5a,Barhl1,Lef1,Ebf2
230	SCop Sln Glut	230 SCop Sln Glut	16	MB Glut	16 MB Glut	3	PAL-sAMY-TH-HY-MB-HB neuronal	3 PAL-sAMY-TH-HY-MB-HB neuronal	MB-HB:12,MB-HB-Glut:12	Glut	CS202212150_6001	CS202212150_6363	CS202212150_6377		Sln,Scml2,Egflam,Hpgd
231	SC Tnnt1 Gli3 Gaba	231 SC Tnnt1 Gli3 Gaba	20	MB GABA	20 MB GABA	3	PAL-sAMY-TH-HY-MB-HB neuronal	3 PAL-sAMY-TH-HY-MB-HB neuronal	MB-HB:7,MB-HB-Gaba:7	GABA	CS202212150_6314	CS202212150_6366	CS202212150_6377		Tnnt1,Gli3,Otx2
232	SCs Lef1 Gli3 Gaba	232 SCs Lef1 Gli3 Gaba	20	MB GABA	20 MB GABA	3	PAL-sAMY-TH-HY-MB-HB neuronal	3 PAL-sAMY-TH-HY-MB-HB neuronal	MB-HB:8,MB-HB-Gaba:8	GABA	CS202212150_6315	CS202212150_6366	CS202212150_6377		Lef1,Gli3,Ecel1,Pax7
233	SCsg Gabrr2 Gaba	233 SCsg Gabrr2 Gaba	20	MB GABA	20 MB GABA	3	PAL-sAMY-TH-HY-MB-HB neuronal	3 PAL-sAMY-TH-HY-MB-HB neuronal	MB-HB:31,MB-HB-Gaba:31	GABA	CS202212150_6316	CS202212150_6366	CS202212150_6377		Gabbr2,Otx2,Sox14
234	PDTg Otp Shroom3 Gaba	234 PDTg Otp Shroom3 Gaba	21	P GABA	21 P GABA	3	PAL-sAMY-TH-HY-MB-HB neuronal	3 PAL-sAMY-TH-HY-MB-HB neuronal	MB-HB:2,MB-HB-Gaba:2	GABA	CS202212150_6011	CS202212150_6367	CS202212150_6377		Otp,Shroom3
235	PDTg Otp Olig3 Gaba	235 PDTg Otp Olig3 Gaba	21	P GABA	21 P GABA	3	PAL-sAMY-TH-HY-MB-HB neuronal	3 PAL-sAMY-TH-HY-MB-HB neuronal	MB-HB:3,MB-HB-Gaba:3	GABA	CS202212150_6012	CS202212150_6367	CS202212150_6377		Otp,Olig3
236	DTN-LDT-PCG St18 Gaba	236 DTN-LDT-PCG St18 Gaba	21	P GABA	21 P GABA	3	PAL-sAMY-TH-HY-MB-HB neuronal	3 PAL-sAMY-TH-HY-MB-HB neuronal	MB-HB:6,MB-HB-Gaba:6	GABA	CS202212150_6317	CS202212150_6367	CS202212150_6377		St18,Otp,Irx2,Slc30a3
237	DTN-PCG-IPN Otp Pax3 Gaba	237 DTN-PCG-IPN Otp Pax3 Gaba	21	P GABA	21 P GABA	3	PAL-sAMY-TH-HY-MB-HB neuronal	3 PAL-sAMY-TH-HY-MB-HB neuronal	MB-HB:28,MB-HB-Gaba:28	GABA	CS202212150_6318	CS202212150_6367	CS202212150_6377		Otp,Pax3,Pax7,Fam163a
238	IPN Otp Crisp1 Gaba	238 IPN Otp Crisp1 Gaba	20	MB GABA	20 MB GABA	3	PAL-sAMY-TH-HY-MB-HB neuronal	3 PAL-sAMY-TH-HY-MB-HB neuronal	MB-HB:8,MB-HB-Gaba:8	GABA	CS202212150_6319	CS202212150_6366	CS202212150_6377		Otp,Crisp1,Pthlh,Gm19410
239	NLL Gata3 Gly-Gaba	239 NLL Gata3 Gly-Gaba	21	P GABA	21 P GABA	3	PAL-sAMY-TH-HY-MB-HB neuronal	3 PAL-sAMY-TH-HY-MB-HB neuronal	MB-HB:5,MB-HB-Gaba:5	GABA-Glyc	CS202212150_6022	CS202212150_6367	CS202212150_6377		Gata3,Hoxb3,En1,Scn5a
240	POR Gata3 Gly-Gaba	240 POR Gata3 Gly-Gaba	21	P GABA	21 P GABA	3	PAL-sAMY-TH-HY-MB-HB neuronal	3 PAL-sAMY-TH-HY-MB-HB neuronal	MB-HB:1,MB-HB-Gaba:1	GABA-Glyc	CS202212150_4667	CS202212150_6367	CS202212150_6377		Dkk1,2410004I01Rik
241	PRP Gata3 Slc6a5 Gly-Gaba	241 PRP Gata3 Slc6a5 Gly-Gaba	22	MY GABA	22 MY GABA	3	PAL-sAMY-TH-HY-MB-HB neuronal	3 PAL-sAMY-TH-HY-MB-HB neuronal	MB-HB:6,MB-HB-Gaba:6	GABA-Glyc	CS202212150_6023	CS202212150_6368	CS202212150_6377		Gata3,Hoxd3,Hoxb3,Hoxb2
242	MARN-PPY Ngfr Gly-Gaba	242 MARN-PPY Ngfr Gly-Gaba	22	MY GABA	22 MY GABA	3	PAL-sAMY-TH-HY-MB-HB neuronal	3 PAL-sAMY-TH-HY-MB-HB neuronal	MB-HB:2,MB-HB-Gaba:2	GABA-Glyc	CS202212150_6024	CS202212150_6368	CS202212150_6377		Ngfr,Gata3
243	PARN-MDRNd Gbx2 Gly-Gaba	243 PARN-MDRNd Gbx2 Gly-Gaba	22	MY GABA	22 MY GABA	3	PAL-sAMY-TH-HY-MB-HB neuronal	3 PAL-sAMY-TH-HY-MB-HB neuronal	MB-HB:51,MB-HB-Gaba:51	GABA-Glyc	CS202212150_6320	CS202212150_6368	CS202212150_6377		Gbx2,Slc6a5,Pax2,Pax8
244	IRN Dmbx1 Pax2 Gly-Gaba	244 IRN Dmbx1 Pax2 Gly-Gaba	22	MY GABA	22 MY GABA	3	PAL-sAMY-TH-HY-MB-HB neuronal	3 PAL-sAMY-TH-HY-MB-HB neuronal	MB-HB:5,MB-HB-Gaba:5	GABA-Glyc	CS202212150_6032	CS202212150_6368	CS202212150_6377		Dmbx1,Gbx1,Hoxb4
245	NTS-DMX-PARN Neurod2 Gly-Gaba	245 NTS-DMX-PARN Neurod2 Gly-Gaba	22	MY GABA	22 MY GABA	3	PAL-sAMY-TH-HY-MB-HB neuronal	3 PAL-sAMY-TH-HY-MB-HB neuronal	MB-HB:49,MB-HB-Gaba:49	GABA-Glyc	CS202212150_6321	CS202212150_6368	CS202212150_6377		Neurod2,Klhl14,Slc6a5,Slc32a1
246	SPVI-SPVC Sall3 Gly-Gaba	246 SPVI-SPVC Sall3 Gly-Gaba	22	MY GABA	22 MY GABA	3	PAL-sAMY-TH-HY-MB-HB neuronal	3 PAL-sAMY-TH-HY-MB-HB neuronal	MB-HB:40,MB-HB-Gaba:40	GABA-Glyc	CS202212150_6322	CS202212150_6368	CS202212150_6377		Sall3,Gbx1,Hoxb6,Hoxa5
247	NTS Dbh Glut	247 NTS Dbh Glut	19	MY Glut	19 MY Glut	3	PAL-sAMY-TH-HY-MB-HB neuronal	3 PAL-sAMY-TH-HY-MB-HB neuronal	MB-HB:28,MB-HB-Glut:28	Nora	CS202212150_6323	CS202212150_6365	CS202212150_6377		Dbh,Phox2b,Bace2,Gch1
248	DMX Tbx20 Chol	248 DMX Tbx20 Chol	19	MY Glut	19 MY Glut	3	PAL-sAMY-TH-HY-MB-HB neuronal	3 PAL-sAMY-TH-HY-MB-HB neuronal	MB-HB:6,MB-HB-Glut:6	Chol	CS202212150_6324	CS202212150_6365	CS202212150_6377		Tbx20
249	PAG Ucn Glut	249 PAG Ucn Glut	16	MB Glut	16 MB Glut	3	PAL-sAMY-TH-HY-MB-HB neuronal	3 PAL-sAMY-TH-HY-MB-HB neuronal	MB-HB:1,MB-HB-Glut:1	Glut	CS202212150_4853	CS202212150_6363	CS202212150_6377		Ucn
250	SNc-VTA-RAmb Foxa1 Dopa	250 SNc-VTA-RAmb Foxa1 Dopa	23	MB Dopa	23 MB Dopa	3	PAL-sAMY-TH-HY-MB-HB neuronal	3 PAL-sAMY-TH-HY-MB-HB neuronal	MB-HB:43,MB-HB-Glut:43	Dopa	CS202212150_6325	CS202212150_6325	CS202212150_6377		Foxa1,9030622O22Rik,Foxa2,Cnpy1
251	MA3 Foxd2 Glut	251 MA3 Foxd2 Glut	16	MB Glut	16 MB Glut	3	PAL-sAMY-TH-HY-MB-HB neuronal	3 PAL-sAMY-TH-HY-MB-HB neuronal	MB-HB:3,MB-HB-Glut:3	Glut	CS202212150_6056	CS202212150_6363	CS202212150_6377		Foxd2,C1ql1
252	IO Glut	252 IO Glut	19	MY Glut	19 MY Glut	3	PAL-sAMY-TH-HY-MB-HB neuronal	3 PAL-sAMY-TH-HY-MB-HB neuronal	MB-HB:1,MB-HB-Glut:1	Glut	CS202212150_4900	CS202212150_6365	CS202212150_6377		Ano2
253	POR Spp1 Gly-Gaba	253 POR Spp1 Gly-Gaba	21	P GABA	21 P GABA	3	PAL-sAMY-TH-HY-MB-HB neuronal	3 PAL-sAMY-TH-HY-MB-HB neuronal	MB-HB:1,MB-HB-Glut:1	GABA-Glyc	CS202212150_4901	CS202212150_6367	CS202212150_6377		Spp1,Slc6a5
254	VCO-SOCl Mafa Meis2 Glut	254 VCO-SOCl Mafa Meis2 Glut	19	MY Glut	19 MY Glut	3	PAL-sAMY-TH-HY-MB-HB neuronal	3 PAL-sAMY-TH-HY-MB-HB neuronal	MB-HB:4,MB-HB-Glut:4	Glut	CS202212150_6057	CS202212150_6365	CS202212150_6377		Spp1,Mafa,Bnc2,Neurod2
255	SPVO Mafa Meis2 Glut	255 SPVO Mafa Meis2 Glut	19	MY Glut	19 MY Glut	3	PAL-sAMY-TH-HY-MB-HB neuronal	3 PAL-sAMY-TH-HY-MB-HB neuronal	MB-HB:2,MB-HB-Glut:2	Glut	CS202212150_6058	CS202212150_6365	CS202212150_6377		Mafa,Cdh1
256	SPVI-SPVC Mafa Glut	256 SPVI-SPVC Mafa Glut	19	MY Glut	19 MY Glut	3	PAL-sAMY-TH-HY-MB-HB neuronal	3 PAL-sAMY-TH-HY-MB-HB neuronal	MB-HB:9,MB-HB-Glut:9	Glut	CS202212150_6326	CS202212150_6365	CS202212150_6377		Mafa,Prrxl1,Vmn1r206,F2rl2
257	SPVC Ccdc172 Glut	257 SPVC Ccdc172 Glut	19	MY Glut	19 MY Glut	3	PAL-sAMY-TH-HY-MB-HB neuronal	3 PAL-sAMY-TH-HY-MB-HB neuronal	MB-HB:9,MB-HB-Glut:9	Glut	CS202212150_6061	CS202212150_6365	CS202212150_6377		Ccdc172,Hoxb8
258	SPVC Nmu Glut	258 SPVC Nmu Glut	19	MY Glut	19 MY Glut	3	PAL-sAMY-TH-HY-MB-HB neuronal	3 PAL-sAMY-TH-HY-MB-HB neuronal	MB-HB:6,MB-HB-Glut:6	Glut	CS202212150_6327	CS202212150_6365	CS202212150_6377		Nmu,Hoxb8,Gmnc,Gm31938
259	MDRNd Bves Glut	259 MDRNd Bves Glut	19	MY Glut	19 MY Glut	3	PAL-sAMY-TH-HY-MB-HB neuronal	3 PAL-sAMY-TH-HY-MB-HB neuronal	MB-HB:2,MB-HB-Glut:2	Glut	CS202212150_6064	CS202212150_6365	CS202212150_6377		Bves,Col12a1,Prdm16
260	NTS Crp Glut	260 NTS Crp Glut	19	MY Glut	19 MY Glut	3	PAL-sAMY-TH-HY-MB-HB neuronal	3 PAL-sAMY-TH-HY-MB-HB neuronal	MB-HB:4,MB-HB-Glut:4	Glut	CS202212150_6065	CS202212150_6365	CS202212150_6377		Crp,Lhx4,Vsx2,Dnah11
261	RO-RPA Pkd2l1 Gaba	261 RO-RPA Pkd2l1 Gaba	22	MY GABA	22 MY GABA	3	PAL-sAMY-TH-HY-MB-HB neuronal	3 PAL-sAMY-TH-HY-MB-HB neuronal	MB-HB:2,MB-HB-Gaba:2	GABA	CS202212150_6066	CS202212150_6368	CS202212150_6377		Pkd2l1
262	PB-CUN Ppp1r1c Glut	262 PB-CUN Ppp1r1c Glut	17	P Glut	17 P Glut	3	PAL-sAMY-TH-HY-MB-HB neuronal	3 PAL-sAMY-TH-HY-MB-HB neuronal	MB-HB:1,MB-HB-Glut:1	Glut	CS202212150_4942	CS202212150_6364	CS202212150_6377		Ppp1r1c
263	PG-TRN-LRN Fat2 Glut	263 PG-TRN-LRN Fat2 Glut	17	P Glut	17 P Glut	4	CBX-MOB-other neuronal	4 CBX-MOB-other neuronal	MB-HB:3,MB-HB-Glut:3	Glut	CS202212150_6067	CS202212150_6364	CS202212150_6378		Fat2,Irx2
264	DCO Il22 Gly-Gaba	264 DCO Il22 Gly-Gaba	24	CB GABA	24 CB GABA	4	CBX-MOB-other neuronal	4 CBX-MOB-other neuronal	MB-HB:8,MB-HB-Gaba:8	GABA-Glyc	CS202212150_6328	CS202212150_6369	CS202212150_6378		Il22,Slc6a5,Fat2
265	CB PLI Gly-Gaba	265 CB PLI Gly-Gaba	24	CB GABA	24 CB GABA	4	CBX-MOB-other neuronal	4 CBX-MOB-other neuronal	MB-HB:9,MB-HB-Gaba:9	GABA-Glyc	CS202212150_6329	CS202212150_6369	CS202212150_6378		Pax2,Gprin3
266	CBX Golgi Gly-Gaba	266 CBX Golgi Gly-Gaba	24	CB GABA	24 CB GABA	4	CBX-MOB-other neuronal	4 CBX-MOB-other neuronal	MB-HB:4,MB-HB-Gaba:4	GABA-Glyc	CS202212150_6073	CS202212150_6369	CS202212150_6378		Tfap2a,Gm29521
267	CBX MLI Megf11 Gaba	267 CBX MLI Megf11 Gaba	24	CB GABA	24 CB GABA	4	CBX-MOB-other neuronal	4 CBX-MOB-other neuronal	MB-HB:4,MB-HB-Gaba:4	GABA	CS202212150_6330	CS202212150_6369	CS202212150_6378		Megf11,Nos1,Ntn1
268	CBX MLI Cdh22 Gaba	268 CBX MLI Cdh22 Gaba	24	CB GABA	24 CB GABA	4	CBX-MOB-other neuronal	4 CBX-MOB-other neuronal	MB-HB:1,MB-HB-Gaba:1	GABA	CS202212150_4971	CS202212150_6369	CS202212150_6378		Cdh22,Il22
269	CB Granule Glut	269 CB Granule Glut	25	CB Glut	25 CB Glut	4	CBX-MOB-other neuronal	4 CBX-MOB-other neuronal	NN-IMN-GC:5	Glut	CS202212150_6331	CS202212150_6370	CS202212150_6378		Gabra6,Slc35f4
270	DCO UBC Glut	270 DCO UBC Glut	25	CB Glut	25 CB Glut	4	CBX-MOB-other neuronal	4 CBX-MOB-other neuronal	NN-IMN-GC:4	Glut	CS202212150_6078	CS202212150_6370	CS202212150_6378		Sln,Sgcg
271	HY Gnrh1 Glut	271 HY Gnrh1 Glut	26	HY Gnrh1 Glut	26 HY Gnrh1 Glut	4	CBX-MOB-other neuronal	4 CBX-MOB-other neuronal	HEAD:1,HEAD-Glut:1	Glut	CS202212150_4981	CS202212150_4981	CS202212150_6378		Gnrh1
272	MOB Meis2 Gaba	272 MOB Meis2 Gaba	3	MOB-DG-IMN	03 MOB-DG-IMN	4	CBX-MOB-other neuronal	4 CBX-MOB-other neuronal	NN-IMN-GC:12	GABA	CS202212150_6332	CS202212150_6350	CS202212150_6378		Dlx1,Rgs8,Thsd7b,Fam135b
273	MOB Trdn Gaba	273 MOB Trdn Gaba	3	MOB-DG-IMN	03 MOB-DG-IMN	4	CBX-MOB-other neuronal	4 CBX-MOB-other neuronal	NN-IMN-GC:3	GABA	CS202212150_6333	CS202212150_6350	CS202212150_6378		Trdn,Rprm
274	MOB-in Frmd7 Gaba	274 MOB-in Frmd7 Gaba	3	MOB-DG-IMN	03 MOB-DG-IMN	4	CBX-MOB-other neuronal	4 CBX-MOB-other neuronal	NN-IMN-GC:35	GABA	CS202212150_6334	CS202212150_6350	CS202212150_6378		Frmd7,Cpa6,Ankrd33b,Rgs6
275	MOB-out Frmd7 Gaba	275 MOB-out Frmd7 Gaba	3	MOB-DG-IMN	03 MOB-DG-IMN	4	CBX-MOB-other neuronal	4 CBX-MOB-other neuronal	NN-IMN-GC:13	GABA	CS202212150_6335	CS202212150_6350	CS202212150_6378		Frmd7,Scn5a,Apold1
276	MOB-mi Frmd7 Gaba	276 MOB-mi Frmd7 Gaba	3	MOB-DG-IMN	03 MOB-DG-IMN	4	CBX-MOB-other neuronal	4 CBX-MOB-other neuronal	NN-IMN-GC:3	GABA	CS202212150_6089	CS202212150_6350	CS202212150_6378		Frmd7,Vip
277	MOB Dopa-Gaba	277 MOB Dopa-Gaba	3	MOB-DG-IMN	03 MOB-DG-IMN	4	CBX-MOB-other neuronal	4 CBX-MOB-other neuronal	NN-IMN-GC:9	GABA	CS202212150_6090	CS202212150_6350	CS202212150_6378		Frmd7,Slc6a3,Hgf,Angpt1
278	MOB-STR-CTX Inh IMN	278 MOB-STR-CTX Inh IMN	3	MOB-DG-IMN	03 MOB-DG-IMN	4	CBX-MOB-other neuronal	4 CBX-MOB-other neuronal	NN-IMN-GC:30	GABA	CS202212150_6336	CS202212150_6350	CS202212150_6378		Mex3a,Dlx1,Gm38505,Arx
279	DG-PIR Ex IMN	279 DG-PIR Ex IMN	3	MOB-DG-IMN	03 MOB-DG-IMN	4	CBX-MOB-other neuronal	4 CBX-MOB-other neuronal	NN-IMN-GC:7,Pallium_Glut:7	Glut	CS202212150_6337	CS202212150_6350	CS202212150_6378		Mex3a,Neurod2,Tbr1
280	HPF CR Glut	280 HPF CR Glut	12	MOB-CR Glut	12 MOB-CR Glut	4	CBX-MOB-other neuronal	4 CBX-MOB-other neuronal	NN-IMN-GC:5	Glut	CS202212150_6098	CS202212150_6359	CS202212150_6378		Trp73,Nfib
281	CBX Purkinje Gaba	281 CBX Purkinje Gaba	24	CB GABA	24 CB GABA	4	CBX-MOB-other neuronal	4 CBX-MOB-other neuronal	MB-HB:1,MB-HB-Gaba:1	GABA	CS202212150_5099	CS202212150_6369	CS202212150_6378		Pcp2,Sycp1
282	MY Calcb Chol	282 MY Calcb Chol	22	MY GABA	22 MY GABA	3	PAL-sAMY-TH-HY-MB-HB neuronal	3 PAL-sAMY-TH-HY-MB-HB neuronal	MB-HB:1,MB-HB-Gaba:1,MB-HB-Glut:1	Chol	CS202212150_5100	CS202212150_6368	CS202212150_6377		Calcb,Vwa7
283	Pineal Crx Glut	283 Pineal Crx Glut	27	Pineal Glut	27 Pineal Glut	4	CBX-MOB-other neuronal	4 CBX-MOB-other neuronal	NN-IMN-GC:1	Glut	CS202212150_5101	CS202212150_5101	CS202212150_6378		Pde6g,Tulp1
284	Bergmann NN	284 Bergmann NN	28	Astro-Epen	28 Astro-Epen	5	Neuroglial	5 Neuroglial	NN-IMN-GC:1	NA	CS202212150_5102	CS202212150_6371	CS202212150_6379		Dao,Gli1
285	Astro-CB NN	285 Astro-CB NN	28	Astro-Epen	28 Astro-Epen	5	Neuroglial	5 Neuroglial	NN-IMN-GC:1	NA	CS202212150_5103	CS202212150_6371	CS202212150_6379		Dao,Cyp26b1
286	Astro-NT NN	286 Astro-NT NN	28	Astro-Epen	28 Astro-Epen	5	Neuroglial	5 Neuroglial	NN-IMN-GC:5	NA	CS202212150_6338	CS202212150_6371	CS202212150_6379		Agt,Meis2
287	Astro-TE NN	287 Astro-TE NN	28	Astro-Epen	28 Astro-Epen	5	Neuroglial	5 Neuroglial	NN-IMN-GC:6	NA	CS202212150_6339	CS202212150_6371	CS202212150_6379		Aqp4,Slco1c1,Dcc,Nr2f1
288	Astro-OLF NN	288 Astro-OLF NN	28	Astro-Epen	28 Astro-Epen	5	Neuroglial	5 Neuroglial	NN-IMN-GC:5	NA	CS202212150_6340	CS202212150_6371	CS202212150_6379		Aqp4,Hs3st3a1
289	Astroependymal NN	289 Astroependymal NN	28	Astro-Epen	28 Astro-Epen	5	Neuroglial	5 Neuroglial	NN-IMN-GC:10	NA	CS202212150_6341	CS202212150_6371	CS202212150_6379		Aqp4,Grm8,Cnmd,Etnppl
290	Tanycyte NN	290 Tanycyte NN	28	Astro-Epen	28 Astro-Epen	5	Neuroglial	5 Neuroglial	NN-IMN-GC:6	NA	CS202212150_6342	CS202212150_6371	CS202212150_6379		Rax,Gpr50,Sfta3-ps
291	Ependymal NN	291 Ependymal NN	28	Astro-Epen	28 Astro-Epen	5	Neuroglial	5 Neuroglial	NN-IMN-GC:7	Hist	CS202212150_6343	CS202212150_6371	CS202212150_6379		Ccdc153
292	Hypendymal NN	292 Hypendymal NN	28	Astro-Epen	28 Astro-Epen	5	Neuroglial	5 Neuroglial	NN-IMN-GC:1	Hist	CS202212150_5141	CS202212150_6371	CS202212150_6379		Sspo,Spdef
293	CHOR NN	293 CHOR NN	28	Astro-Epen	28 Astro-Epen	5	Neuroglial	5 Neuroglial	NN-IMN-GC:1	NA	CS202212150_5142	CS202212150_6371	CS202212150_6379		Ttr
294	OPC NN	294 OPC NN	29	Oligo	29 Oligo	5	Neuroglial	5 Neuroglial	NN-IMN-GC:8	NA	CS202212150_6344	CS202212150_6372	CS202212150_6379		Pdgfra
295	Oligo NN	295 Oligo NN	29	Oligo	29 Oligo	5	Neuroglial	5 Neuroglial	NN-IMN-GC:18	NA	CS202212150_6345	CS202212150_6372	CS202212150_6379		Cldn11,Gpr17
296	OEG NN	296 OEG NN	30	OEG	30 OEG	5	Neuroglial	5 Neuroglial	NN-IMN-GC:4	NA	CS202212150_6115	CS202212150_6115	CS202212150_6379		Aqp1,Foxd3
297	ABC NN	297 ABC NN	31	Vascular	31 Vascular	6	Vascular	6 Vascular	NN-IMN-GC:3	NA	CS202212150_6116	CS202212150_6373	CS202212150_6373		Slc47a1
298	VLMC NN	298 VLMC NN	31	Vascular	31 Vascular	6	Vascular	6 Vascular	NN-IMN-GC:8	NA	CS202212150_6346	CS202212150_6373	CS202212150_6373		Igf2,Cemip
299	Peri NN	299 Peri NN	31	Vascular	31 Vascular	6	Vascular	6 Vascular	NN-IMN-GC:2	NA	CS202212150_6119	CS202212150_6373	CS202212150_6373		Kcnj8
300	SMC NN	300 SMC NN	31	Vascular	31 Vascular	6	Vascular	6 Vascular	NN-IMN-GC:4	NA	CS202212150_6120	CS202212150_6373	CS202212150_6373		Acta2
301	Endo NN	301 Endo NN	31	Vascular	31 Vascular	6	Vascular	6 Vascular	NN-IMN-GC:4	NA	CS202212150_6121	CS202212150_6373	CS202212150_6373		Ly6c1
302	Microglia NN	302 Microglia NN	32	Immune	32 Immune	7	Immune	7 Immune	NN-IMN-GC:1	NA	CS202212150_5190	CS202212150_6374	CS202212150_6374		C1qa,Plxdc2
303	BAM NN	303 BAM NN	32	Immune	32 Immune	7	Immune	7 Immune	NN-IMN-GC:3	NA	CS202212150_6122	CS202212150_6374	CS202212150_6374		Pf4
304	Monocytes NN	304 Monocytes NN	32	Immune	32 Immune	7	Immune	7 Immune	NN-IMN-GC:1	Hist	CS202212150_5193	CS202212150_6374	CS202212150_6374		Hp
305	DC NN	305 DC NN	32	Immune	32 Immune	7	Immune	7 Immune	NN-IMN-GC:3	NA	CS202212150_6123	CS202212150_6374	CS202212150_6374		H2-Aa,Cd74
306	Lymphoid NN	306 Lymphoid NN	32	Immune	32 Immune	7	Immune	7 Immune	NN-IMN-GC:4	NA	CS202212150_6347	CS202212150_6374	CS202212150_6374		Ccl5,Kcnq5
